frame,landmark_id,x,y,z,visibility
0,0,0.49129047989845276,0.4871716797351837,-0.39366498589515686,0.9999492168426514
0,1,0.49657100439071655,0.48155322670936584,-0.38006576895713806,0.9997872710227966
0,2,0.5007919073104858,0.48141929507255554,-0.3800719976425171,0.9998103976249695
0,3,0.5048291683197021,0.48124876618385315,-0.38006579875946045,0.999815046787262
0,4,0.48645907640457153,0.48140257596969604,-0.3759624660015106,0.9997556805610657
0,5,0.4828512370586395,0.481295645236969,-0.37599843740463257,0.9997288584709167
0,6,0.4796740412712097,0.4812828302383423,-0.3760479688644409,0.9997037053108215
0,7,0.5114816427230835,0.48285597562789917,-0.2525586187839508,0.9993712306022644
0,8,0.4774692952632904,0.48290467262268066,-0.23319391906261444,0.9991078972816467
0,9,0.4991999566555023,0.49273842573165894,-0.341945618391037,0.9999305009841919
0,10,0.48589563369750977,0.4932132959365845,-0.33663609623908997,0.9998645782470703
0,11,0.5536213517189026,0.5207412242889404,-0.1612379103899002,0.9999786615371704
0,12,0.44301408529281616,0.5219478607177734,-0.11241962760686874,0.9999297857284546
0,13,0.566257655620575,0.5717862844467163,-0.10264136642217636,0.981558620929718
0,14,0.4302792549133301,0.5697316527366638,-0.03677622228860855,0.9794995188713074
0,15,0.5740935802459717,0.6150452494621277,-0.21369615197181702,0.9622085094451904
0,16,0.4222542643547058,0.6131592392921448,-0.14954008162021637,0.9642841815948486
0,17,0.5766429901123047,0.6307469010353088,-0.24665246903896332,0.9305427074432373
0,18,0.41897672414779663,0.6276020407676697,-0.18021363019943237,0.9294217824935913
0,19,0.5705710649490356,0.6302124261856079,-0.2832624912261963,0.9355916380882263
0,20,0.42322924733161926,0.627639889717102,-0.22657908499240875,0.9321473240852356
0,21,0.5672125220298767,0.6248549222946167,-0.2297569066286087,0.9187032580375671
0,22,0.4264724850654602,0.6226707696914673,-0.17060141265392303,0.9213224053382874
0,23,0.5258520841598511,0.6175462007522583,-0.032286386936903,0.9999475479125977
0,24,0.4667710065841675,0.615993082523346,0.03230269253253937,0.9997679591178894
0,25,0.5176964402198792,0.6915455460548401,-0.07980955392122269,0.9894026517868042
0,26,0.4713993966579437,0.6835572719573975,0.15620580315589905,0.9330431818962097
0,27,0.5121692419052124,0.763145387172699,0.023212146013975143,0.9868730902671814
0,28,0.4816201329231262,0.7126082181930542,0.5903497338294983,0.710860013961792
0,29,0.5111325979232788,0.7712127566337585,0.02612888254225254,0.8692543506622314
0,30,0.4855353832244873,0.7146274447441101,0.6299762725830078,0.4332878589630127
0,31,0.5083855986595154,0.7815845012664795,-0.13636407256126404,0.984951913356781
0,32,0.4788408875465393,0.7447918057441711,0.5542401075363159,0.8080765604972839
0,0,0.49127694964408875,0.4851798117160797,-0.374189555644989,0.9999527335166931
0,1,0.4965697228908539,0.47965461015701294,-0.35608962178230286,0.9998014569282532
0,2,0.5007568597793579,0.4795307219028473,-0.3561067581176758,0.9998230934143066
0,3,0.5047253370285034,0.47940680384635925,-0.3560907244682312,0.9998269081115723
0,4,0.486444890499115,0.47954532504081726,-0.3566150665283203,0.9997720122337341
0,5,0.48284175992012024,0.4793960750102997,-0.3566378653049469,0.999747633934021
0,6,0.4796326756477356,0.4793323576450348,-0.35666754841804504,0.9997231960296631
0,7,0.5108888745307922,0.4813390374183655,-0.22048093378543854,0.9994147419929504
0,8,0.4771970212459564,0.4812820255756378,-0.2224551886320114,0.999172031879425
0,9,0.49918755888938904,0.49077486991882324,-0.3210117816925049,0.9999356269836426
0,10,0.4856702387332916,0.4907345175743103,-0.3217392861843109,0.9998746514320374
0,11,0.5519877672195435,0.5192245841026306,-0.12481959909200668,0.9999797940254211
0,12,0.44264355301856995,0.5210504531860352,-0.1146358847618103,0.9999305605888367
0,13,0.566176176071167,0.5692351460456848,-0.06757066398859024,0.9821864366531372
0,14,0.43075862526893616,0.569636344909668,-0.05707048252224922,0.9789040684700012
0,15,0.5740943551063538,0.6122740507125854,-0.20149396359920502,0.9642021656036377
0,16,0.42312753200531006,0.6131043434143066,-0.1732274442911148,0.9639327526092529
0,17,0.576742947101593,0.6285099387168884,-0.23656296730041504,0.933965265750885
0,18,0.41971084475517273,0.6275970339775085,-0.20904742181301117,0.9294834136962891
0,19,0.5705304741859436,0.6282330751419067,-0.277756005525589,0.9388235211372375
0,20,0.42411890625953674,0.6273177266120911,-0.25225406885147095,0.932219386100769
0,21,0.567006528377533,0.6240076422691345,-0.2200154811143875,0.9227368235588074
0,22,0.42726990580558777,0.6226237416267395,-0.19256237149238586,0.9211634397506714
0,23,0.5261209011077881,0.6164396405220032,-0.018865546211600304,0.9999462962150574
0,24,0.46675169467926025,0.6153998374938965,0.018831046298146248,0.9997655153274536
0,25,0.5182671546936035,0.6889346837997437,-0.07068129628896713,0.9898210763931274
0,26,0.47089338302612305,0.6835597157478333,0.08265221863985062,0.9368858337402344
0,27,0.5136612057685852,0.7612578272819519,0.06017879769206047,0.9872570633888245
0,28,0.4814738631248474,0.7228166460990906,0.45209723711013794,0.7271513938903809
0,29,0.5117815136909485,0.7683007717132568,0.0643632709980011,0.8698426485061646
0,30,0.48560047149658203,0.7258216142654419,0.4830856919288635,0.44499480724334717
0,31,0.5086819529533386,0.7815784215927124,-0.10128521174192429,0.9852558970451355
0,32,0.478837251663208,0.7525583505630493,0.380626380443573,0.8183491826057434
0,0,0.48977160453796387,0.4826483130455017,-0.365824818611145,0.9999564290046692
0,1,0.49535056948661804,0.47681960463523865,-0.3489084243774414,0.9998161196708679
0,2,0.4993453919887543,0.4766649901866913,-0.34892281889915466,0.9998360872268677
0,3,0.5033255815505981,0.4766143560409546,-0.3489043712615967,0.9998393654823303
0,4,0.4852968752384186,0.476986825466156,-0.3476490080356598,0.9997887015342712
0,5,0.4818200469017029,0.4770034849643707,-0.3476586937904358,0.9997665286064148
0,6,0.47860458493232727,0.47702422738075256,-0.34768345952033997,0.9997434020042419
0,7,0.5097723007202148,0.47849491238594055,-0.21494771540164948,0.9994616508483887
0,8,0.47642120718955994,0.478860467672348,-0.20898368954658508,0.9992364645004272
0,9,0.4976577162742615,0.48834148049354553,-0.31291499733924866,0.999940812587738
0,10,0.48413488268852234,0.48829200863838196,-0.3114830255508423,0.9998849630355835
0,11,0.5507419109344482,0.5162930488586426,-0.12062375247478485,0.9999810457229614
0,12,0.4422427713871002,0.5183941721916199,-0.10033486038446426,0.9999328255653381
0,13,0.5660048127174377,0.565270185470581,-0.060455091297626495,0.982998788356781
0,14,0.43096762895584106,0.568277895450592,-0.04118144139647484,0.9777216911315918
0,15,0.5736260414123535,0.6092287302017212,-0.1920114904642105,0.9662029147148132
0,16,0.42389270663261414,0.6121928095817566,-0.1528490036725998,0.9630134701728821
0,17,0.5764613747596741,0.6258786916732788,-0.22843582928180695,0.9373249411582947
0,18,0.4201681613922119,0.6270106434822083,-0.18939176201820374,0.9287680983543396
0,19,0.5697881579399109,0.6256125569343567,-0.2713877260684967,0.941977322101593
0,20,0.4245412349700928,0.6260786056518555,-0.23345546424388885,0.9316263198852539
0,21,0.5660343766212463,0.6216224431991577,-0.21102935075759888,0.9265894889831543
0,22,0.4277079105377197,0.6216517090797424,-0.17265155911445618,0.920296311378479
0,23,0.5261268019676208,0.6152910590171814,-0.01720733754336834,0.9999426007270813
0,24,0.4664704203605652,0.6140865683555603,0.01715247891843319,0.9997661709785461
0,25,0.5194588899612427,0.6872584223747253,-0.07146557420492172,0.9903329610824585
0,26,0.46899279952049255,0.6824018955230713,0.04618394002318382,0.9420305490493774
0,27,0.5144172310829163,0.7591552734375,0.07992421835660934,0.9880248308181763
0,28,0.4809132516384125,0.7338147163391113,0.3402404189109802,0.7523698210716248
0,29,0.5117872357368469,0.7660359740257263,0.08581935614347458,0.8752107620239258
0,30,0.4851367175579071,0.7393741607666016,0.3614555299282074,0.48280709981918335
0,31,0.5087547898292542,0.7815092206001282,-0.08600553870201111,0.9860637187957764
0,32,0.4786132574081421,0.7628800868988037,0.2306606024503708,0.8346613049507141
0,0,0.48839205503463745,0.4791823923587799,-0.3429533541202545,0.9999593496322632
0,1,0.4940284490585327,0.47340163588523865,-0.3270872235298157,0.9998266100883484
0,2,0.49795225262641907,0.47338056564331055,-0.3271039128303528,0.9998452067375183
0,3,0.5020174384117126,0.4733317196369171,-0.3270823061466217,0.9998480081558228
0,4,0.48385903239250183,0.47340095043182373,-0.3238237202167511,0.9998008608818054
0,5,0.48043566942214966,0.47339826822280884,-0.3238252103328705,0.9997808933258057
0,6,0.4772781431674957,0.47346892952919006,-0.323850154876709,0.9997591972351074
0,7,0.5085333585739136,0.47522178292274475,-0.19863645732402802,0.9994994401931763
0,8,0.4752870202064514,0.4757069945335388,-0.18282254040241241,0.9992864727973938
0,9,0.49646973609924316,0.48542824387550354,-0.29222598671913147,0.9999445676803589
0,10,0.4828850030899048,0.48523691296577454,-0.28796151280403137,0.9998928904533386
0,11,0.5501061677932739,0.5131000280380249,-0.11226136982440948,0.999981701374054
0,12,0.4414741098880768,0.5163365006446838,-0.0757017508149147,0.9999344348907471
0,13,0.5658429265022278,0.5612789988517761,-0.058456603437662125,0.9835176467895508
0,14,0.43090999126434326,0.5663956999778748,-0.0177732203155756,0.9759842753410339
0,15,0.5722779631614685,0.6054787039756775,-0.18464075028896332,0.967272162437439
0,16,0.42388424277305603,0.6103655099868774,-0.13140778243541718,0.9614219665527344
0,17,0.5751590132713318,0.6222385764122009,-0.22054523229599,0.9390019178390503
0,18,0.42014771699905396,0.6259186863899231,-0.16730810701847076,0.9271118640899658
0,19,0.5679391622543335,0.6217811703681946,-0.2627919316291809,0.9435245990753174
0,20,0.4245206415653229,0.6247225403785706,-0.21225562691688538,0.9301802515983582
0,21,0.5639409422874451,0.6167325377464294,-0.2032925933599472,0.9284111261367798
0,22,0.4276508688926697,0.6202474236488342,-0.15216600894927979,0.9184962511062622
0,23,0.5260529518127441,0.6131496429443359,-0.019214298576116562,0.9999315738677979
0,24,0.4658539295196533,0.6121603846549988,0.01916719228029251,0.9997612833976746
0,25,0.5201879143714905,0.6852492094039917,-0.07228635996580124,0.9907321333885193
0,26,0.4668727517127991,0.6814616322517395,0.02368948608636856,0.9469656348228455
0,27,0.5145689249038696,0.7585918307304382,0.07928913831710815,0.9887654185295105
0,28,0.4796338677406311,0.7421404123306274,0.24604913592338562,0.776206374168396
0,29,0.5117912888526917,0.7653069496154785,0.08400394767522812,0.8787941336631775
0,30,0.48498889803886414,0.749856173992157,0.25867292284965515,0.5234317183494568
0,31,0.5088438987731934,0.7816324830055237,-0.09283913671970367,0.9868412017822266
0,32,0.474315345287323,0.7697932124137878,0.11135932803153992,0.8502064347267151
0,0,0.4844953417778015,0.47809910774230957,-0.30561360716819763,0.9999623894691467
0,1,0.4905342161655426,0.4721677601337433,-0.29093751311302185,0.9998388290405273
0,2,0.494197815656662,0.4721069037914276,-0.2909584939479828,0.9998558759689331
0,3,0.49823376536369324,0.4720538556575775,-0.29094913601875305,0.9998584389686584
0,4,0.48036447167396545,0.47213369607925415,-0.2858318090438843,0.9998143911361694
0,5,0.4772995114326477,0.4721478223800659,-0.28582102060317993,0.9997962713241577
0,6,0.4746597707271576,0.4721762537956238,-0.2858225703239441,0.9997761845588684
0,7,0.5066707134246826,0.47378823161125183,-0.1639532893896103,0.9995405673980713
0,8,0.47394877672195435,0.47416964173316956,-0.13970942795276642,0.9993383288383484
0,9,0.49301159381866455,0.48440927267074585,-0.2548695504665375,0.9999486207962036
0,10,0.4798741340637207,0.4842684268951416,-0.2481602430343628,0.9999009370803833
0,11,0.549235463142395,0.5108296871185303,-0.07645512372255325,0.9999827742576599
0,12,0.4407893419265747,0.5145929455757141,-0.028614340350031853,0.9999368190765381
0,13,0.5662431120872498,0.5582894086837769,-0.024010250344872475,0.9844213128089905
0,14,0.43086495995521545,0.5638488531112671,0.03543482720851898,0.9738098382949829
0,15,0.5719659328460693,0.6018428802490234,-0.14796143770217896,0.9691324234008789
0,16,0.42386743426322937,0.6086392998695374,-0.08552775532007217,0.9598669409751892
0,17,0.5748751759529114,0.6179556250572205,-0.18511934578418732,0.9420000314712524
0,18,0.4201650619506836,0.6247391104698181,-0.12270892411470413,0.925637423992157
0,19,0.5670844316482544,0.6172019243240356,-0.2275715321302414,0.9462922215461731
0,20,0.424601286649704,0.6234354972839355,-0.16896703839302063,0.9289513230323792
0,21,0.5628414154052734,0.6114997863769531,-0.1664665937423706,0.9316767454147339
0,22,0.42766836285591125,0.6185376644134521,-0.10707160830497742,0.9169807434082031
0,23,0.5255798697471619,0.6103591918945312,-0.02040650136768818,0.9999191761016846
0,24,0.4652421772480011,0.6100572347640991,0.020368123427033424,0.9997575283050537
0,25,0.520336389541626,0.6837966442108154,-0.062320414930582047,0.9909512996673584
0,26,0.46567898988723755,0.6810758709907532,-0.01145695336163044,0.9514211416244507
0,27,0.5145592093467712,0.7587328553199768,0.08748367428779602,0.9893665909767151
0,28,0.4776986241340637,0.7509196996688843,0.15670670568943024,0.7977967858314514
0,29,0.5117888450622559,0.765701413154602,0.09167999774217606,0.8808405995368958
0,30,0.4834887683391571,0.7598451375961304,0.1635059118270874,0.5609381198883057
0,31,0.5088444352149963,0.7823936343193054,-0.08467446267604828,0.9873995780944824
0,32,0.4706913232803345,0.7770804166793823,0.008519821800291538,0.864203929901123
0,0,0.4842138886451721,0.47742292284965515,-0.2857794463634491,0.9999650120735168
0,1,0.49021318554878235,0.4715697467327118,-0.26923948526382446,0.9998502135276794
0,2,0.49394193291664124,0.47155678272247314,-0.2692738175392151,0.9998658299446106
0,3,0.4979987144470215,0.47153231501579285,-0.2692767381668091,0.9998682737350464
0,4,0.47959235310554504,0.4715198576450348,-0.26562145352363586,0.9998273253440857
0,5,0.4762418568134308,0.4715125560760498,-0.26561102271080017,0.9998104572296143
0,6,0.4735202491283417,0.47153744101524353,-0.2655920088291168,0.9997919201850891
0,7,0.5059851408004761,0.4733298122882843,-0.1402372270822525,0.9995790123939514
0,8,0.4723542332649231,0.4735584557056427,-0.12347746640443802,0.9993863105773926
0,9,0.4925890266895294,0.4838908612728119,-0.23492556810379028,0.9999520778656006
0,10,0.4790438115596771,0.48375970125198364,-0.2302662581205368,0.9999080896377563
0,11,0.547950804233551,0.5096907019615173,-0.06234826147556305,0.9999836683273315
0,12,0.43973973393440247,0.5141181945800781,-0.013665284961462021,0.9999368190765381
0,13,0.5677235126495361,0.5563513040542603,-0.026128675788640976,0.9853917956352234
0,14,0.43085864186286926,0.5640112161636353,0.04545597359538078,0.9712743163108826
0,15,0.5707506537437439,0.5999805927276611,-0.15930438041687012,0.9712650179862976
0,16,0.4243280291557312,0.6088771820068359,-0.07803944498300552,0.9584212899208069
0,17,0.5708356499671936,0.6160576939582825,-0.19999799132347107,0.9456496834754944
0,18,0.42096999287605286,0.6248587369918823,-0.11669044941663742,0.9244204163551331
0,19,0.5627124905586243,0.613793134689331,-0.24094253778457642,0.9496350288391113
0,20,0.4261701703071594,0.6236467957496643,-0.16084298491477966,0.9279401898384094
0,21,0.5594871640205383,0.608231782913208,-0.1773451417684555,0.9356588125228882
0,22,0.4290619194507599,0.6187333464622498,-0.09852896630764008,0.9156109094619751
0,23,0.5254302620887756,0.6098965406417847,-0.02100970782339573,0.9998985528945923
0,24,0.46474194526672363,0.6097989678382874,0.02098815143108368,0.9997433423995972
0,25,0.5203096866607666,0.6837410926818848,-0.05521746352314949,0.9908546805381775
0,26,0.46479111909866333,0.6812629103660583,-0.007647468242794275,0.9547725915908813
0,27,0.5142022371292114,0.7587170600891113,0.07344087958335876,0.9895660281181335
0,28,0.4743024706840515,0.7576102018356323,0.1268145889043808,0.8167601823806763
0,29,0.5116239786148071,0.7659127116203308,0.07895050197839737,0.8802863359451294
0,30,0.48047375679016113,0.7672693133354187,0.12945838272571564,0.5920931100845337
0,31,0.5089831352233887,0.7824569940567017,-0.09132898598909378,0.9873777031898499
0,32,0.4655156135559082,0.7797641158103943,-0.02539190836250782,0.8760789632797241
0,0,0.4840725064277649,0.47716471552848816,-0.24605275690555573,0.9999672770500183
0,1,0.48997965455055237,0.47121477127075195,-0.22870881855487823,0.9998606443405151
0,2,0.49379369616508484,0.4711954593658447,-0.228756844997406,0.999875009059906
0,3,0.4978770613670349,0.4712297022342682,-0.2287531942129135,0.9998773336410522
0,4,0.4786931872367859,0.4712541401386261,-0.22672289609909058,0.9998391270637512
0,5,0.4749973714351654,0.47126123309135437,-0.2267049103975296,0.9998233914375305
0,6,0.472186803817749,0.47132551670074463,-0.2266886681318283,0.9998061060905457
0,7,0.5053346157073975,0.4732084274291992,-0.1033373773097992,0.999613344669342
0,8,0.4700128138065338,0.4735552668571472,-0.09481006115674973,0.9994302988052368
0,9,0.49242904782295227,0.4836585819721222,-0.19698525965213776,0.9999547600746155
0,10,0.4781626760959625,0.48358455300331116,-0.1946389526128769,0.9999139904975891
0,11,0.5469496250152588,0.5094114542007446,-0.03721613809466362,0.9999842643737793
0,12,0.43807581067085266,0.5144624710083008,0.0046984474174678326,0.9999343752861023
0,13,0.5688250660896301,0.5554479360580444,-0.02298634685575962,0.9862712621688843
0,14,0.430783748626709,0.5643788576126099,0.05944749340415001,0.969144344329834
0,15,0.5697925090789795,0.5978807210922241,-0.16961632668972015,0.9734668135643005
0,16,0.4247496724128723,0.6098760366439819,-0.05591609701514244,0.9577344059944153
0,17,0.5678763389587402,0.6144583225250244,-0.20428761839866638,0.9495880007743835
0,18,0.42163676023483276,0.6259881258010864,-0.09321373701095581,0.9243523478507996
0,19,0.5599023103713989,0.6115564107894897,-0.24735109508037567,0.9532605409622192
0,20,0.4271882176399231,0.6249935626983643,-0.13402920961380005,0.9279609322547913
0,21,0.5575931668281555,0.605929434299469,-0.18725083768367767,0.9400985836982727
0,22,0.4298689067363739,0.6200239658355713,-0.07454714924097061,0.91543048620224
0,23,0.5255038738250732,0.6097787022590637,-0.019256243482232094,0.9998711347579956
0,24,0.4645198881626129,0.6097723245620728,0.019294193014502525,0.9997215867042542
0,25,0.5203246474266052,0.6839861869812012,-0.049829889088869095,0.9905059933662415
0,26,0.46375882625579834,0.682593584060669,-0.01689353957772255,0.9576336741447449
0,27,0.5140686631202698,0.7584511637687683,0.06823380291461945,0.9892440438270569
0,28,0.46691808104515076,0.7590641379356384,0.10038747638463974,0.8333852291107178
0,29,0.5113798379898071,0.7658219933509827,0.07604634761810303,0.8786790370941162
0,30,0.4721878468990326,0.7694286108016968,0.10203786194324493,0.6159874796867371
0,31,0.5096502304077148,0.782447099685669,-0.0962427482008934,0.986566424369812
0,32,0.46023252606391907,0.7773627638816833,-0.04578739404678345,0.8858076930046082
0,0,0.4813813269138336,0.4771975576877594,-0.22728371620178223,0.9999672174453735
0,1,0.48738041520118713,0.4712861180305481,-0.21019768714904785,0.9998627305030823
0,2,0.49109143018722534,0.47127434611320496,-0.21024933457374573,0.9998758435249329
0,3,0.4950030446052551,0.4712967574596405,-0.2102460414171219,0.9998788833618164
0,4,0.4760516285896301,0.4713355302810669,-0.2076554149389267,0.9998429417610168
0,5,0.4726198613643646,0.4712919592857361,-0.2076595425605774,0.999826967716217
0,6,0.4700250029563904,0.4713633954524994,-0.20769445598125458,0.9998112320899963
0,7,0.5028311610221863,0.47345423698425293,-0.09012603759765625,0.9996269345283508
0,8,0.4678744077682495,0.47369641065597534,-0.07968828827142715,0.9994470477104187
0,9,0.48971158266067505,0.48351404070854187,-0.18051788210868835,0.9999536275863647
0,10,0.4755222201347351,0.4834906756877899,-0.17758691310882568,0.999915361404419
0,11,0.5455763936042786,0.5094441771507263,-0.024705762043595314,0.9999829530715942
0,12,0.43580663204193115,0.5148435235023499,0.003854629583656788,0.9999316334724426
0,13,0.5689119100570679,0.5567607879638672,-0.024837136268615723,0.9869796633720398
0,14,0.4300455152988434,0.5654141902923584,0.05292779952287674,0.9673953652381897
0,15,0.5673709511756897,0.5979695916175842,-0.1721714586019516,0.9755343198776245
0,16,0.42473408579826355,0.6127510070800781,-0.059564009308815,0.957197368144989
0,17,0.5634992122650146,0.613983154296875,-0.21642301976680756,0.9532956480979919
0,18,0.42174845933914185,0.6280760765075684,-0.09736224263906479,0.9245614409446716
0,19,0.5557591319084167,0.6104902625083923,-0.2523484230041504,0.9566713571548462
0,20,0.4276534616947174,0.6273382902145386,-0.13510775566101074,0.928175151348114
0,21,0.5544214248657227,0.6049807667732239,-0.1908068060874939,0.944233775138855
0,22,0.430126816034317,0.6224225163459778,-0.0767986997961998,0.9153239130973816
0,23,0.5255162119865417,0.6101810932159424,-0.006483135279268026,0.9998074769973755
0,24,0.46387895941734314,0.6100671291351318,0.006552318576723337,0.9996917247772217
0,25,0.5203455686569214,0.6843357682228088,-0.04438600689172745,0.9886879920959473
0,26,0.46232858300209045,0.6841069459915161,-0.06993339210748672,0.9596964716911316
0,27,0.514045000076294,0.7584958672523499,0.06768274307250977,0.9864476323127747
0,28,0.4619647264480591,0.761601448059082,0.03409397974610329,0.8473655581474304
0,29,0.5112637877464294,0.7659670114517212,0.0721324011683464,0.8720121383666992
0,30,0.4657512605190277,0.775179386138916,0.03474199399352074,0.6298164129257202
0,31,0.512139081954956,0.7814615964889526,-0.0949091762304306,0.9829207062721252
0,32,0.4589858055114746,0.7745736837387085,-0.12200695276260376,0.8928223848342896
0,0,0.4772854447364807,0.4774920344352722,-0.2656959891319275,0.9999663829803467
0,1,0.4838753938674927,0.4713631570339203,-0.24896670877933502,0.9998620748519897
0,2,0.48822593688964844,0.4713731110095978,-0.24901214241981506,0.9998742938041687
0,3,0.49239015579223633,0.4713912904262543,-0.24899719655513763,0.9998776912689209
0,4,0.472027063369751,0.4714473485946655,-0.24619047343730927,0.9998435974121094
0,5,0.4691796600818634,0.4714277684688568,-0.24620433151721954,0.9998275637626648
0,6,0.4664566218852997,0.4715244174003601,-0.2462478131055832,0.9998129606246948
0,7,0.5011054873466492,0.47370660305023193,-0.12760083377361298,0.9996326565742493
0,8,0.46477848291397095,0.4739375114440918,-0.11556039750576019,0.9994556307792664
0,9,0.4864993989467621,0.4837098717689514,-0.21849282085895538,0.999952495098114
0,10,0.47175106406211853,0.4837333858013153,-0.2150934934616089,0.999916672706604
0,11,0.5448850989341736,0.5100823044776917,-0.05517280846834183,0.9999803900718689
0,12,0.43251460790634155,0.5159799456596375,-0.022959131747484207,0.9999282360076904
0,13,0.5688709616661072,0.5574269890785217,-0.04545488953590393,0.987521231174469
0,14,0.4274245500564575,0.5702913403511047,0.03475311025977135,0.9666457772254944
0,15,0.5632991194725037,0.5991550087928772,-0.220028355717659,0.977211594581604
0,16,0.4242989420890808,0.6172712445259094,-0.07913260161876678,0.9566777348518372
0,17,0.5574579238891602,0.6147136092185974,-0.267799973487854,0.956291913986206
0,18,0.42148980498313904,0.6316637396812439,-0.11381412297487259,0.9245988130569458
0,19,0.5487942099571228,0.6111956238746643,-0.30366837978363037,0.9594205617904663
0,20,0.42760738730430603,0.6314985156059265,-0.15746977925300598,0.9281739592552185
0,21,0.5483500361442566,0.6061867475509644,-0.23681025207042694,0.9475312232971191
0,22,0.4300591051578522,0.6266431212425232,-0.0988314151763916,0.9150483012199402
0,23,0.5255647301673889,0.6109257936477661,-0.0013815105194225907,0.9997124075889587
0,24,0.46316975355148315,0.6116784811019897,0.0014279789756983519,0.9996381402015686
0,25,0.5208484530448914,0.6855580806732178,-0.02710581012070179,0.9871934652328491
0,26,0.4602433145046234,0.6876474022865295,-0.059324052184820175,0.9618325233459473
0,27,0.5140265226364136,0.758581817150116,0.09022598713636398,0.9842597842216492
0,28,0.4581451416015625,0.7629942297935486,0.061586786061525345,0.8598068356513977
0,29,0.5112355351448059,0.7665994763374329,0.09304111450910568,0.8667147755622864
0,30,0.4624788165092468,0.7770438194274902,0.0636754259467125,0.6408251523971558
0,31,0.5136234760284424,0.7806902527809143,-0.05974552780389786,0.9799063801765442
0,32,0.45958828926086426,0.7739861607551575,-0.09571120887994766,0.8988152146339417
0,0,0.47375479340553284,0.4775257110595703,-0.28291910886764526,0.9999673962593079
0,1,0.48064103722572327,0.47122856974601746,-0.2672818601131439,0.999867856502533
0,2,0.4854406714439392,0.47126370668411255,-0.2673126757144928,0.9998789429664612
0,3,0.4898104667663574,0.47130003571510315,-0.2673068940639496,0.9998821020126343
0,4,0.4687863290309906,0.47136345505714417,-0.2646958827972412,0.9998513460159302
0,5,0.4662122130393982,0.47139543294906616,-0.2647053003311157,0.9998358488082886
0,6,0.4632281959056854,0.4715341329574585,-0.26473528146743774,0.9998226165771484
0,7,0.499146044254303,0.4738284945487976,-0.14087499678134918,0.9996527433395386
0,8,0.4621381461620331,0.4740965664386749,-0.13051100075244904,0.9994847178459167
0,9,0.4836679697036743,0.483773797750473,-0.2314775288105011,0.999954104423523
0,10,0.4687812328338623,0.4838375449180603,-0.22994057834148407,0.9999213814735413
0,11,0.5439894795417786,0.5104875564575195,-0.07413270324468613,0.9999777674674988
0,12,0.4305000901222229,0.5174095630645752,-0.03188430890440941,0.9999264478683472
0,13,0.5688417553901672,0.5597174167633057,-0.08685550093650818,0.9881970286369324
0,14,0.4221589267253876,0.5733708739280701,0.027233876287937164,0.9662410616874695
0,15,0.5599443912506104,0.6000133752822876,-0.260183185338974,0.9788106083869934
0,16,0.4194251000881195,0.6204813718795776,-0.0840553268790245,0.9566333889961243
0,17,0.5538742542266846,0.6151726841926575,-0.308062881231308,0.9591565728187561
0,18,0.4182778000831604,0.6351048946380615,-0.12435170263051987,0.9250081777572632
0,19,0.5439667701721191,0.6113526821136475,-0.34475570917129517,0.9620331525802612
0,20,0.42510277032852173,0.6344829201698303,-0.16210074722766876,0.9285256862640381
0,21,0.5432543754577637,0.6067202091217041,-0.27647337317466736,0.9506650567054749
0,22,0.42726343870162964,0.6292136311531067,-0.1020105853676796,0.9152057766914368
0,23,0.525441586971283,0.6129316687583923,-0.004925388377159834,0.9996117949485779
0,24,0.4618617594242096,0.6142123341560364,0.0049657360650599,0.9995972514152527
0,25,0.5208438038825989,0.6867868900299072,-0.022711770609021187,0.9862265586853027
0,26,0.45859429240226746,0.690676212310791,-0.06035294756293297,0.9641127586364746
0,27,0.5140109062194824,0.7579526901245117,0.12057622522115707,0.9825669527053833
0,28,0.4567330479621887,0.7649205327033997,0.06676317006349564,0.8716636300086975
0,29,0.5112429261207581,0.765909731388092,0.12563163042068481,0.8630713820457458
0,30,0.4614182412624359,0.7782424688339233,0.06931914389133453,0.6556745171546936
0,31,0.5144233703613281,0.7804253697395325,-0.025115985423326492,0.9775988459587097
0,32,0.45989057421684265,0.7771162390708923,-0.09385228157043457,0.9051730632781982
0,0,0.47222310304641724,0.47726935148239136,-0.29016363620758057,0.9999677538871765
0,1,0.4792206585407257,0.47092464566230774,-0.27409791946411133,0.9998696446418762
0,2,0.48404690623283386,0.47098493576049805,-0.2741328179836273,0.9998795986175537
0,3,0.488425612449646,0.4710526168346405,-0.27412042021751404,0.9998823404312134
0,4,0.4669964909553528,0.4710516333580017,-0.27066048979759216,0.9998571276664734
0,5,0.4643533527851105,0.47110995650291443,-0.27067703008651733,0.9998416900634766
0,6,0.4612072706222534,0.47126826643943787,-0.27072516083717346,0.9998301863670349
0,7,0.4973742961883545,0.4737929403781891,-0.14457014203071594,0.9996639490127563
0,8,0.4596308767795563,0.47413694858551025,-0.13637852668762207,0.9995056986808777
0,9,0.4821872413158417,0.4837051331996918,-0.24001824855804443,0.9999535083770752
0,10,0.4669143259525299,0.48378899693489075,-0.23749950528144836,0.9999244213104248
0,11,0.5423815250396729,0.5107599496841431,-0.08968019485473633,0.9999710917472839
0,12,0.4278132915496826,0.5187110304832458,-0.040090411901474,0.9999274015426636
0,13,0.5686460137367249,0.5618010759353638,-0.10126776248216629,0.9886391758918762
0,14,0.41941285133361816,0.5757818222045898,0.018700290471315384,0.9655495285987854
0,15,0.5571669340133667,0.6004913449287415,-0.2568833529949188,0.9800184369087219
0,16,0.4162585437297821,0.6232423186302185,-0.08772566169500351,0.956102192401886
0,17,0.5508872866630554,0.615782618522644,-0.30063846707344055,0.9613493084907532
0,18,0.4152921438217163,0.6382076740264893,-0.12724240124225616,0.9249286651611328
0,19,0.5402736067771912,0.6122010946273804,-0.33662110567092896,0.9639787673950195
0,20,0.4221227169036865,0.6376240253448486,-0.167887344956398,0.9285235404968262
0,21,0.539510190486908,0.6076066493988037,-0.27236640453338623,0.9529901742935181
0,22,0.42430490255355835,0.6320194005966187,-0.10792095214128494,0.9150800704956055
0,23,0.5251152515411377,0.6147368550300598,-0.006091855466365814,0.9994484186172485
0,24,0.4598373472690582,0.6168105006217957,0.006154212635010481,0.9995971918106079
0,25,0.5204954743385315,0.6886546611785889,0.013672150671482086,0.9843056797981262
0,26,0.457379549741745,0.6941079497337341,-0.11998849362134933,0.9660332202911377
0,27,0.5141503214836121,0.757435142993927,0.1648818999528885,0.9779746532440186
0,28,0.45601171255111694,0.7719162702560425,-0.05380043014883995,0.8821916580200195
0,29,0.5114518404006958,0.7651559710502625,0.17088797688484192,0.8502611517906189
0,30,0.46208426356315613,0.786714494228363,-0.0578925758600235,0.6695854067802429
0,31,0.5152331590652466,0.779198408126831,0.028661616146564484,0.9719026684761047
0,32,0.4542958736419678,0.7828206419944763,-0.23093438148498535,0.9106022119522095
0,0,0.46863043308258057,0.4764226973056793,-0.31541624665260315,0.9999678134918213
0,1,0.4754881262779236,0.4700465202331543,-0.29952386021614075,0.9998695850372314
0,2,0.4804135859012604,0.4700554609298706,-0.2995603680610657,0.9998793601989746
0,3,0.4849960505962372,0.47010165452957153,-0.29952022433280945,0.9998817443847656
0,4,0.4638550877571106,0.470171183347702,-0.29393574595451355,0.9998598694801331
0,5,0.4609951078891754,0.47020408511161804,-0.2939617335796356,0.9998444318771362
0,6,0.45744746923446655,0.4703424870967865,-0.29404744505882263,0.9998343586921692
0,7,0.4938230812549591,0.4731013774871826,-0.18338361382484436,0.9996745586395264
0,8,0.45616811513900757,0.4734934866428375,-0.1599254012107849,0.9995096325874329
0,9,0.4784466624259949,0.4833284616470337,-0.27056393027305603,0.9999532103538513
0,10,0.4637342691421509,0.48338788747787476,-0.2638859748840332,0.9999265074729919
0,11,0.5395150184631348,0.5104442238807678,-0.12091442942619324,0.9999677538871765
0,12,0.42489928007125854,0.5194037556648254,-0.05448564887046814,0.9999260306358337
0,13,0.5674346089363098,0.5623726844787598,-0.11498283594846725,0.9892723560333252
0,14,0.41686293482780457,0.5759389996528625,0.018185028806328773,0.9645392298698425
0,15,0.5555788278579712,0.600859522819519,-0.2609357535839081,0.9813624620437622
0,16,0.4126209318637848,0.6246212720870972,-0.08597522974014282,0.9554772973060608
0,17,0.5499696731567383,0.6160537600517273,-0.30160465836524963,0.9637792110443115
0,18,0.41156005859375,0.6392920017242432,-0.11838286370038986,0.9245859384536743
0,19,0.5390971302986145,0.6123228669166565,-0.338050901889801,0.966176450252533
0,20,0.4173608422279358,0.6388580799102783,-0.15792037546634674,0.9283626675605774
0,21,0.5379471778869629,0.6079097390174866,-0.27577126026153564,0.9556832909584045
0,22,0.4196479618549347,0.6332565546035767,-0.10377112030982971,0.9148447513580322
0,23,0.5246499180793762,0.6147283315658569,-0.006720445584505796,0.9993311166763306
0,24,0.45876428484916687,0.6167236566543579,0.006814625114202499,0.9996037483215332
0,25,0.5185810923576355,0.6885080337524414,0.013437400572001934,0.9826952219009399
0,26,0.45590344071388245,0.6942472457885742,-0.11936453729867935,0.9672242403030396
0,27,0.5138526558876038,0.754155158996582,0.21606363356113434,0.9734586477279663
0,28,0.45660534501075745,0.7742248773574829,-0.05984066426753998,0.8909780979156494
0,29,0.5114431381225586,0.7603161334991455,0.2281150221824646,0.8265308141708374
0,30,0.46323156356811523,0.7875735759735107,-0.06455232203006744,0.6757940649986267
0,31,0.5147446393966675,0.7780628204345703,0.08850056678056717,0.9669180512428284
0,32,0.4553232491016388,0.7918732762336731,-0.24004024267196655,0.9146421551704407
0,0,0.46650242805480957,0.47494131326675415,-0.33605051040649414,0.9999688863754272
0,1,0.47351697087287903,0.468763530254364,-0.3195664882659912,0.999873697757721
0,2,0.4785716235637665,0.4686673581600189,-0.3196224272251129,0.9998829364776611
0,3,0.4831700623035431,0.4686857759952545,-0.3196188509464264,0.999884843826294
0,4,0.4612448811531067,0.4689062237739563,-0.31398507952690125,0.9998648166656494
0,5,0.45818084478378296,0.46891137957572937,-0.31399115920066833,0.9998494386672974
0,6,0.45431262254714966,0.46899744868278503,-0.3140721917152405,0.9998401999473572
0,7,0.4917716681957245,0.47170963883399963,-0.19505155086517334,0.999692440032959
0,8,0.4523705542087555,0.47235968708992004,-0.1706499606370926,0.9995256066322327
0,9,0.47643107175827026,0.48241403698921204,-0.28711310029029846,0.9999551773071289
0,10,0.46110907196998596,0.4824276566505432,-0.2802581489086151,0.9999308586120605
0,11,0.5365689992904663,0.509402871131897,-0.11973261088132858,0.9999682903289795
0,12,0.4220232367515564,0.519412100315094,-0.054044634103775024,0.9999272227287292
0,13,0.5656399726867676,0.5620322227478027,-0.10578031837940216,0.9897814393043518
0,14,0.4130398631095886,0.5759162306785583,0.026461705565452576,0.9637176394462585
0,15,0.5547155141830444,0.601580798625946,-0.2666870057582855,0.9825511574745178
0,16,0.40838584303855896,0.624238908290863,-0.08598753064870834,0.9551119804382324
0,17,0.5496192574501038,0.6176624894142151,-0.31024783849716187,0.9659392237663269
0,18,0.407419353723526,0.6390833854675293,-0.11847320944070816,0.9245621562004089
0,19,0.5389477610588074,0.614274263381958,-0.34965795278549194,0.9681409001350403
0,20,0.41254720091819763,0.6388433575630188,-0.15968047082424164,0.9285311102867126
0,21,0.5376257300376892,0.6099193096160889,-0.2829882800579071,0.9580163359642029
0,22,0.41498175263404846,0.6332566738128662,-0.1039111316204071,0.9145611524581909
0,23,0.5224802494049072,0.615264892578125,-0.00730607844889164,0.9993230700492859
0,24,0.4555574953556061,0.6170638203620911,0.007412335369735956,0.9996256828308105
0,25,0.5162120461463928,0.6892811059951782,0.015547649934887886,0.9823311567306519
0,26,0.4530125558376312,0.696826159954071,-0.10265613347291946,0.9691342711448669
0,27,0.5138036012649536,0.7523255944252014,0.2991473972797394,0.9704549908638
0,28,0.45683979988098145,0.781629204750061,-0.023502184078097343,0.8997728824615479
0,29,0.5114880204200745,0.7581290006637573,0.3200688660144806,0.8042179942131042
0,30,0.46429669857025146,0.7921760678291321,-0.0264852587133646,0.6825098991394043
0,31,0.5146147012710571,0.7777343988418579,0.18165574967861176,0.9638333916664124
0,32,0.45487678050994873,0.8052507042884827,-0.20792771875858307,0.9195877313613892
0,0,0.46590864658355713,0.47175630927085876,-0.3433181941509247,0.9999702572822571
0,1,0.47286540269851685,0.46547895669937134,-0.32439368963241577,0.999878466129303
0,2,0.47783300280570984,0.4655342996120453,-0.3244524598121643,0.9998871088027954
0,3,0.48241546750068665,0.4656689167022705,-0.32445311546325684,0.9998883605003357
0,4,0.4595903754234314,0.465268611907959,-0.3204876482486725,0.9998700618743896
0,5,0.4563749134540558,0.46523573994636536,-0.3204885423183441,0.9998550415039062
0,6,0.45259273052215576,0.4652867913246155,-0.32057034969329834,0.9998462796211243
0,7,0.4902574121952057,0.46879932284355164,-0.19089265167713165,0.9997097253799438
0,8,0.44940704107284546,0.4690893888473511,-0.17231641709804535,0.9995426535606384
0,9,0.47564393281936646,0.47950518131256104,-0.29072022438049316,0.9999575614929199
0,10,0.4595232605934143,0.479220986366272,-0.2858899235725403,0.9999353885650635
0,11,0.5347583293914795,0.5070600509643555,-0.11490269750356674,0.9999696612358093
0,12,0.4189363718032837,0.5185608863830566,-0.0588296614587307,0.9999293684959412
0,13,0.5641045570373535,0.5613734126091003,-0.0913342833518982,0.990193784236908
0,14,0.40894144773483276,0.5752904415130615,0.01790197193622589,0.9633002877235413
0,15,0.5540023446083069,0.6039649844169617,-0.2503921389579773,0.9834771752357483
0,16,0.40385255217552185,0.6242931485176086,-0.10479675978422165,0.9546262621879578
0,17,0.5498407483100891,0.6208173632621765,-0.2925328314304352,0.9675590991973877
0,18,0.40280258655548096,0.6392201781272888,-0.1419030725955963,0.9243481159210205
0,19,0.5389791131019592,0.618017315864563,-0.33135920763015747,0.9695996046066284
0,20,0.40790021419525146,0.6389858722686768,-0.18692488968372345,0.928563117980957
0,21,0.5370479226112366,0.6138064861297607,-0.266385942697525,0.959758996963501
0,22,0.4103361964225769,0.6334081292152405,-0.12436802685260773,0.9141665697097778
0,23,0.5195431709289551,0.6164829134941101,-0.004938432015478611,0.9993522763252258
0,24,0.45106109976768494,0.6181029081344604,0.004955054260790348,0.9996535778045654
0,25,0.5151563882827759,0.6913987994194031,0.026991061866283417,0.9826810359954834
0,26,0.44993856549263,0.6989253759384155,-0.10794469714164734,0.9715101718902588
0,27,0.5137982368469238,0.7487676739692688,0.3770716190338135,0.9689096212387085
0,28,0.4565174877643585,0.7851758599281311,-0.003998186439275742,0.9087232351303101
0,29,0.5115014314651489,0.752522349357605,0.4044281840324402,0.7885927557945251
0,30,0.4648505747318268,0.7951022982597351,-0.0044327680952847,0.6960930824279785
0,31,0.5148057341575623,0.7778959274291992,0.26858314871788025,0.9623066186904907
0,32,0.45510581135749817,0.8117191195487976,-0.19117040932178497,0.925665020942688
0,0,0.46268031001091003,0.4681530296802521,-0.3518719971179962,0.9999716281890869
0,1,0.46959972381591797,0.46158456802368164,-0.3327931761741638,0.999883234500885
0,2,0.474911093711853,0.46162858605384827,-0.33283722400665283,0.9998914003372192
0,3,0.47975367307662964,0.46170535683631897,-0.33282771706581116,0.9998918175697327
0,4,0.45638328790664673,0.46152612566947937,-0.329271137714386,0.9998754262924194
0,5,0.45317843556404114,0.461582213640213,-0.32927069067955017,0.9998608231544495
0,6,0.44919872283935547,0.4616772532463074,-0.3293474018573761,0.999852180480957
0,7,0.4879322350025177,0.4653184711933136,-0.1956249177455902,0.9997252821922302
0,8,0.4466789960861206,0.46563464403152466,-0.17990648746490479,0.9995594024658203
0,9,0.47293898463249207,0.4762497842311859,-0.29824137687683105,0.9999597668647766
0,10,0.4567340612411499,0.4759284257888794,-0.29405587911605835,0.999939501285553
0,11,0.5337100625038147,0.5050321817398071,-0.11078415811061859,0.9999710321426392
0,12,0.4160749912261963,0.5161739587783813,-0.07182412594556808,0.9999330639839172
0,13,0.5627440214157104,0.5602222084999084,-0.07403362542390823,0.9904919266700745
0,14,0.4045410454273224,0.5730968117713928,0.001735601108521223,0.9626205563545227
0,15,0.5543369054794312,0.6049174666404724,-0.22691768407821655,0.9842116832733154
0,16,0.39934825897216797,0.6234092116355896,-0.11248712241649628,0.9535467624664307
0,17,0.5506951212882996,0.622782826423645,-0.26688969135284424,0.9688126444816589
0,18,0.3967537581920624,0.6383954882621765,-0.1489914059638977,0.9233797788619995
0,19,0.5398237109184265,0.6207195520401001,-0.3110086917877197,0.970702588558197
0,20,0.40191787481307983,0.6381711959838867,-0.19439777731895447,0.9278765916824341
0,21,0.5377791523933411,0.6164225935935974,-0.24467508494853973,0.9610784649848938
0,22,0.4048199951648712,0.6326987147331238,-0.13241399824619293,0.9130379557609558
0,23,0.5170049071311951,0.6166200041770935,0.000560140295419842,0.9993884563446045
0,24,0.4475094974040985,0.6182366013526917,-0.0006243918323889375,0.9996832609176636
0,25,0.5140718817710876,0.6915314197540283,0.07329768687486649,0.9830951690673828
0,26,0.4478362202644348,0.6998515129089355,-0.11483253538608551,0.9738869071006775
0,27,0.5142112970352173,0.7458920478820801,0.4515293538570404,0.9681771397590637
0,28,0.45612388849258423,0.7859809994697571,-0.02251044102013111,0.9171221256256104
0,29,0.5122829079627991,0.7483912110328674,0.4818756878376007,0.7783020734786987
0,30,0.4648638069629669,0.7960900664329529,-0.02393779344856739,0.7112982869148254
0,31,0.5153279900550842,0.7774601578712463,0.35450485348701477,0.9616454243659973
0,32,0.45505040884017944,0.8161852955818176,-0.2117675393819809,0.9317209124565125
0,0,0.46001294255256653,0.4645160734653473,-0.38134288787841797,0.9999733567237854
0,1,0.4674209654331207,0.45818018913269043,-0.3613589107990265,0.9998902678489685
0,2,0.4730498194694519,0.45819932222366333,-0.36141011118888855,0.9998977184295654
0,3,0.4781031608581543,0.45820438861846924,-0.3614025413990021,0.9998975396156311
0,4,0.45365795493125916,0.4581521451473236,-0.3581100404262543,0.9998829364776611
0,5,0.45049041509628296,0.4582189917564392,-0.35810232162475586,0.9998686909675598
0,6,0.4463493227958679,0.4583031237125397,-0.358163446187973,0.9998601078987122
0,7,0.48667988181114197,0.46187302470207214,-0.21674039959907532,0.9997442960739136
0,8,0.44378700852394104,0.4621248245239258,-0.2036973088979721,0.99958336353302
0,9,0.47090426087379456,0.4731568396091461,-0.3251347243785858,0.9999624490737915
0,10,0.45407867431640625,0.47268638014793396,-0.32157987356185913,0.9999440312385559
0,11,0.5324211716651917,0.5033820867538452,-0.11674100160598755,0.9999728202819824
0,12,0.41270777583122253,0.51359623670578,-0.09184170514345169,0.9999374151229858
0,13,0.5623028874397278,0.5590566396713257,-0.0757955014705658,0.9909065365791321
0,14,0.4004281461238861,0.5713980793952942,-0.01983295939862728,0.9621949195861816
0,15,0.5545877814292908,0.6063892841339111,-0.23372170329093933,0.9850804805755615
0,16,0.39519238471984863,0.622882604598999,-0.13785989582538605,0.9527900218963623
0,17,0.5514574646949768,0.6245635747909546,-0.275328665971756,0.9702637195587158
0,18,0.3921899199485779,0.6379265189170837,-0.17595718801021576,0.9226710200309753
0,19,0.5406138300895691,0.6228551268577576,-0.321998655796051,0.9720106720924377
0,20,0.3984214961528778,0.6377192139625549,-0.22140376269817352,0.9274159073829651
0,21,0.5383679866790771,0.6187604069709778,-0.25261542201042175,0.9627324938774109
0,22,0.4016479551792145,0.6322690844535828,-0.15786632895469666,0.9121748805046082
0,23,0.513603150844574,0.6167029738426208,0.007269666995853186,0.9994275569915771
0,24,0.44349420070648193,0.6183348894119263,-0.0073503185994923115,0.9997114539146423
0,25,0.5125836730003357,0.6919230818748474,0.10120705515146255,0.9828090667724609
0,26,0.4463641941547394,0.7013319134712219,-0.11184512823820114,0.9760328531265259
0,27,0.5148890614509583,0.7423914074897766,0.5167485475540161,0.9642221927642822
0,28,0.45669305324554443,0.7879946231842041,-0.018259279429912567,0.9246373772621155
0,29,0.5129501819610596,0.7439646124839783,0.5513126850128174,0.7674316167831421
0,30,0.4649522304534912,0.7981644868850708,-0.019388854503631592,0.7258151173591614
0,31,0.5175187587738037,0.7753552198410034,0.43530288338661194,0.9582374095916748
0,32,0.45507094264030457,0.8193796873092651,-0.20825167000293732,0.9370235204696655
0,0,0.4585840404033661,0.46089574694633484,-0.3906886577606201,0.9999750256538391
0,1,0.46639740467071533,0.45456933975219727,-0.3694929778575897,0.9998972415924072
0,2,0.4720131456851959,0.4545368552207947,-0.3695564866065979,0.9999036192893982
0,3,0.47706136107444763,0.4545316696166992,-0.369568407535553,0.9999030232429504
0,4,0.451999306678772,0.4546127915382385,-0.3680233359336853,0.9998905062675476
0,5,0.44887545704841614,0.4546528160572052,-0.36802178621292114,0.9998766183853149
0,6,0.4449533522129059,0.45475950837135315,-0.3680866062641144,0.9998682737350464
0,7,0.48573464155197144,0.45738711953163147,-0.21691320836544037,0.9997625946998596
0,8,0.442150354385376,0.4578832685947418,-0.2123454511165619,0.999610424041748
0,9,0.46961429715156555,0.4695122241973877,-0.3313233554363251,0.9999651312828064
0,10,0.4525185227394104,0.4688625931739807,-0.33029407262802124,0.9999484419822693
0,11,0.5309613943099976,0.5005151033401489,-0.11430266499519348,0.9999741315841675
0,12,0.40898364782333374,0.5094366073608398,-0.10125332325696945,0.9999414086341858
0,13,0.5612314939498901,0.5552588105201721,-0.057656388729810715,0.9911682605743408
0,14,0.3962419629096985,0.5668823719024658,-0.03767506405711174,0.9627391695976257
0,15,0.5566985607147217,0.6055397391319275,-0.22523751854896545,0.9857747554779053
0,16,0.390573650598526,0.6212074160575867,-0.1654234379529953,0.953057050704956
0,17,0.5543683767318726,0.624376654624939,-0.2673910856246948,0.9713757634162903
0,18,0.3869214653968811,0.6378346085548401,-0.20644859969615936,0.9232455492019653
0,19,0.5436905026435852,0.6228294968605042,-0.3202087879180908,0.9730080962181091
0,20,0.3937504291534424,0.637677788734436,-0.2527906894683838,0.9280394315719604
0,21,0.5410681962966919,0.6185397505760193,-0.24766504764556885,0.9640982151031494
0,22,0.3969968855381012,0.632209062576294,-0.1860440969467163,0.9128932952880859
0,23,0.5120311379432678,0.6163008809089661,0.013774105347692966,0.9994591474533081
0,24,0.44157060980796814,0.6179783940315247,-0.013818909414112568,0.9997343420982361
0,25,0.5111687779426575,0.6930882930755615,0.0558844730257988,0.9822258949279785
0,26,0.4448919892311096,0.7017671465873718,-0.09503862261772156,0.9778707027435303
0,27,0.515091061592102,0.7396423816680908,0.46601369976997375,0.9546517729759216
0,28,0.45682087540626526,0.7905210256576538,0.021974394097924232,0.9313324093818665
0,29,0.5128661394119263,0.7414863109588623,0.5014201402664185,0.755975067615509
0,30,0.46524450182914734,0.800675630569458,0.02365344576537609,0.7396320104598999
0,31,0.5205633640289307,0.774864912033081,0.3967495858669281,0.9505178928375244
0,32,0.45501527190208435,0.8205503225326538,-0.15411001443862915,0.9414942264556885
0,0,0.45766276121139526,0.4567984938621521,-0.3965454697608948,0.9999767541885376
0,1,0.46583858132362366,0.45036759972572327,-0.3741671144962311,0.9999043345451355
0,2,0.47132590413093567,0.4503638744354248,-0.3742259740829468,0.9999098181724548
0,3,0.47643062472343445,0.4503522515296936,-0.37423717975616455,0.999908983707428
0,4,0.45084723830223083,0.45035073161125183,-0.37384364008903503,0.9998983144760132
0,5,0.44738274812698364,0.4503261148929596,-0.3738534152507782,0.9998852014541626
0,6,0.4440835416316986,0.45039233565330505,-0.37392139434814453,0.999877393245697
0,7,0.4847722351551056,0.45264866948127747,-0.21558181941509247,0.9997802376747131
0,8,0.44112756848335266,0.45324695110321045,-0.21597343683242798,0.9996395707130432
0,9,0.4688376784324646,0.46541890501976013,-0.3348733186721802,0.9999676942825317
0,10,0.4510749876499176,0.4646497368812561,-0.3353460729122162,0.9999526143074036
0,11,0.5301818251609802,0.49748334288597107,-0.10355448722839355,0.9999746680259705
0,12,0.4064360558986664,0.5042901039123535,-0.10615792870521545,0.9999449253082275
0,13,0.560136079788208,0.5524385571479797,-0.037792712450027466,0.9913074970245361
0,14,0.39163753390312195,0.5615426301956177,-0.046133678406476974,0.9638628363609314
0,15,0.5596646070480347,0.6053224802017212,-0.20337988436222076,0.9861523509025574
0,16,0.3860792815685272,0.6162903308868408,-0.1802320033311844,0.9538796544075012
0,17,0.5601488351821899,0.624547004699707,-0.24329452216625214,0.9717977046966553
0,18,0.38309982419013977,0.6344457864761353,-0.22256463766098022,0.924273669719696
0,19,0.54972243309021,0.623411238193512,-0.2991558313369751,0.9733928442001343
0,20,0.3905876874923706,0.6341886520385742,-0.2684950828552246,0.9291045665740967
0,21,0.5463201999664307,0.6192072629928589,-0.22695118188858032,0.964697003364563
0,22,0.39373233914375305,0.6288109421730042,-0.20070841908454895,0.9140612483024597
0,23,0.5105587840080261,0.6143262386322021,0.01624373532831669,0.9994744658470154
0,24,0.4393261671066284,0.6153879165649414,-0.016285346820950508,0.9997506737709045
0,25,0.5089439749717712,0.6929423809051514,0.04202570021152496,0.9815871119499207
0,26,0.4451570212841034,0.7006586194038391,-0.09048374742269516,0.9793710112571716
0,27,0.5149677991867065,0.7422925233840942,0.4154120981693268,0.9494603276252747
0,28,0.4563751816749573,0.7902740836143494,0.03440158814191818,0.9372389316558838
0,29,0.5119442343711853,0.7455397844314575,0.44546738266944885,0.7483879327774048
0,30,0.46537408232688904,0.8006973266601562,0.03648189827799797,0.7505928874015808
0,31,0.52161705493927,0.7761333584785461,0.32312461733818054,0.9462484121322632
0,32,0.45450082421302795,0.8182514309883118,-0.15075652301311493,0.9453906416893005
0,0,0.45860445499420166,0.45255568623542786,-0.3968656361103058,0.9999780654907227
0,1,0.4665048122406006,0.4459895193576813,-0.37319329380989075,0.9999095797538757
0,2,0.4719233214855194,0.44600048661231995,-0.3732556104660034,0.9999142289161682
0,3,0.47699302434921265,0.44596508145332336,-0.3732697665691376,0.999913215637207
0,4,0.45158299803733826,0.4458179473876953,-0.37352263927459717,0.9999039769172668
0,5,0.4473859369754791,0.4457789957523346,-0.3735344409942627,0.9998913407325745
0,6,0.4439885914325714,0.4458346664905548,-0.3736008107662201,0.9998841881752014
0,7,0.4844329059123993,0.4482041299343109,-0.21143141388893127,0.9997945427894592
0,8,0.4405340552330017,0.4487576484680176,-0.21333009004592896,0.9996616840362549
0,9,0.46925628185272217,0.4613570272922516,-0.3338262140750885,0.9999696612358093
0,10,0.45137354731559753,0.46075543761253357,-0.33495020866394043,0.9999558925628662
0,11,0.5300287008285522,0.49447327852249146,-0.09737202525138855,0.9999738931655884
0,12,0.40373939275741577,0.4991381764411926,-0.10088463872671127,0.9999447464942932
0,13,0.5592012405395508,0.5497165322303772,-0.03380866348743439,0.9913356900215149
0,14,0.3883243501186371,0.5571836233139038,-0.040969617664813995,0.9649921655654907
0,15,0.5628759264945984,0.6049062013626099,-0.20090168714523315,0.9863749146461487
0,16,0.383457750082016,0.6103764176368713,-0.1830386072397232,0.954853892326355
0,17,0.5655979514122009,0.6243723630905151,-0.24175146222114563,0.971978485584259
0,18,0.38055485486984253,0.6290560364723206,-0.22778521478176117,0.9254083037376404
0,19,0.5553382635116577,0.6234506964683533,-0.29730623960494995,0.9735804796218872
0,20,0.3878196179866791,0.6281909942626953,-0.27385416626930237,0.930263876914978
0,21,0.5513526201248169,0.6192849278450012,-0.2247394323348999,0.9650285840034485
0,22,0.3911384642124176,0.6225365996360779,-0.2039996087551117,0.9154505133628845
0,23,0.5097007155418396,0.6114831566810608,0.012174963019788265,0.9994617700576782
0,24,0.43692508339881897,0.6122263669967651,-0.012205362319946289,0.999744713306427
0,25,0.5075518488883972,0.6928408145904541,-0.017412807792425156,0.9818730354309082
0,26,0.44389912486076355,0.6999315619468689,-0.08452233672142029,0.9804006814956665
0,27,0.5140936374664307,0.7485922574996948,0.36794668436050415,0.949482262134552
0,28,0.456480473279953,0.7881658673286438,0.10209113359451294,0.9423972964286804
0,29,0.5105721950531006,0.7520665526390076,0.40981924533843994,0.747046709060669
0,30,0.4654763638973236,0.7985170483589172,0.10843916237354279,0.7592666745185852
0,31,0.5217400193214417,0.7845827341079712,0.22177286446094513,0.9465835690498352
0,32,0.4547196328639984,0.8173697590827942,-0.09609679877758026,0.9488011598587036
0,0,0.45875200629234314,0.44929060339927673,-0.38366010785102844,0.99997878074646
0,1,0.46646296977996826,0.4424525797367096,-0.3633471429347992,0.9999122023582458
0,2,0.4719427824020386,0.44232067465782166,-0.36342287063598633,0.999916136264801
0,3,0.47705042362213135,0.44214895367622375,-0.36343488097190857,0.9999151825904846
0,4,0.4514380991458893,0.44240671396255493,-0.360432893037796,0.9999067187309265
0,5,0.44672200083732605,0.4423837959766388,-0.3604406714439392,0.9998946785926819
0,6,0.4430100619792938,0.4424380362033844,-0.36050981283187866,0.99988853931427
0,7,0.4841185510158539,0.44410988688468933,-0.19907118380069733,0.9998025894165039
0,8,0.43939122557640076,0.4448191821575165,-0.2111143320798874,0.9996776580810547
0,9,0.46926790475845337,0.45782271027565,-0.3322049081325531,0.9999704957008362
0,10,0.45131203532218933,0.45739874243736267,-0.3262368440628052,0.9999576210975647
0,11,0.530195951461792,0.49234747886657715,-0.07796669006347656,0.9999719858169556
0,12,0.4025568664073944,0.49422308802604675,-0.09546448290348053,0.9999427199363708
0,13,0.5579161047935486,0.548388659954071,-0.00921436958014965,0.990886926651001
0,14,0.3850802481174469,0.5517768263816833,-0.03209961578249931,0.9662419557571411
0,15,0.565873384475708,0.603364884853363,-0.1535552591085434,0.9859755635261536
0,16,0.379061222076416,0.6044968366622925,-0.16419269144535065,0.9559801816940308
0,17,0.5696703195571899,0.6239380836486816,-0.18940210342407227,0.971081554889679
0,18,0.3779730796813965,0.6233009099960327,-0.2049785554409027,0.9265219569206238
0,19,0.5598750710487366,0.6232125163078308,-0.24229000508785248,0.9727689623832703
0,20,0.3846982419490814,0.6219118237495422,-0.24974602460861206,0.9313729405403137
0,21,0.555708110332489,0.6189639568328857,-0.1765466183423996,0.9641663432121277
0,22,0.3875357210636139,0.6153554916381836,-0.18423007428646088,0.9170069694519043
0,23,0.5088264346122742,0.6092700958251953,0.011796733364462852,0.999439537525177
0,24,0.43536412715911865,0.6096807718276978,-0.011770511046051979,0.9997121691703796
0,25,0.5064860582351685,0.6926838159561157,-0.02328142523765564,0.9821841716766357
0,26,0.44313469529151917,0.6994785666465759,-0.053200796246528625,0.9807013273239136
0,27,0.5121190547943115,0.7603258490562439,0.22150950133800507,0.9522353410720825
0,28,0.45549288392066956,0.78577721118927,0.14968785643577576,0.9464804530143738
0,29,0.5088211894035339,0.7652087211608887,0.23549237847328186,0.7471193075180054
0,30,0.46457362174987793,0.796219527721405,0.1577959507703781,0.7616527676582336
0,31,0.5203655958175659,0.7973581552505493,0.047949884086847305,0.949211597442627
0,32,0.45487356185913086,0.8148139715194702,-0.04077766463160515,0.9514427781105042
0,0,0.4587390124797821,0.4459868371486664,-0.37138086557388306,0.9999801516532898
0,1,0.46663036942481995,0.4389317035675049,-0.34869033098220825,0.9999180436134338
0,2,0.4721325933933258,0.4388309121131897,-0.34873244166374207,0.9999216198921204
0,3,0.47724735736846924,0.43875768780708313,-0.34875258803367615,0.9999208450317383
0,4,0.4516076445579529,0.4387654662132263,-0.3485424220561981,0.9999122023582458
0,5,0.44672003388404846,0.43862617015838623,-0.3485158383846283,0.9999010562896729
0,6,0.4425426423549652,0.4385834038257599,-0.3484876751899719,0.9998956322669983
0,7,0.48412418365478516,0.44085410237312317,-0.17882749438285828,0.9998177289962769
0,8,0.4389328360557556,0.44074901938438416,-0.18317610025405884,0.999700665473938
0,9,0.4691164195537567,0.45460793375968933,-0.30720797181129456,0.9999725222587585
0,10,0.45117130875587463,0.4540026783943176,-0.3059852719306946,0.9999606013298035
0,11,0.5301049947738647,0.4898125231266022,-0.06053687632083893,0.999973475933075
0,12,0.4012804627418518,0.4906177818775177,-0.06061077490448952,0.9999436140060425
0,13,0.556326687335968,0.5467544198036194,0.010089590214192867,0.9905284643173218
0,14,0.382053405046463,0.5484511256217957,0.007508429232984781,0.9668861031532288
0,15,0.568553626537323,0.6018054485321045,-0.14096248149871826,0.9855502843856812
0,16,0.37586671113967896,0.5997368693351746,-0.13669098913669586,0.9564835429191589
0,17,0.5730422139167786,0.6232672929763794,-0.18129827082157135,0.9702710509300232
0,18,0.3743571937084198,0.6180763244628906,-0.18385159969329834,0.9269712567329407
0,19,0.5635235905647278,0.6231095194816589,-0.2349633425474167,0.9720654487609863
0,20,0.38211944699287415,0.6166970133781433,-0.23694686591625214,0.9319224953651428
0,21,0.5592139959335327,0.6187716722488403,-0.16499853134155273,0.9633467793464661
0,22,0.3851346969604492,0.6101484298706055,-0.16084957122802734,0.9178871512413025
0,23,0.5064141154289246,0.6066687703132629,0.0021223314106464386,0.9994677305221558
0,24,0.432826429605484,0.6072657108306885,-0.002155671827495098,0.9997050166130066
0,25,0.5056058764457703,0.6925753951072693,-0.051676299422979355,0.9831003546714783
0,26,0.44308632612228394,0.6992663145065308,-0.042534612119197845,0.9812984466552734
0,27,0.5117124319076538,0.7732740640640259,0.17026977241039276,0.9560167193412781
0,28,0.4559158980846405,0.7849034667015076,0.16251106560230255,0.95050448179245
0,29,0.5088325142860413,0.7790449857711792,0.18071165680885315,0.7515504360198975
0,30,0.46509674191474915,0.7949212193489075,0.1706876903772354,0.7662133574485779
0,31,0.517788290977478,0.810722827911377,-0.024053869768977165,0.9528796672821045
0,32,0.4549272060394287,0.8162816762924194,-0.03014727123081684,0.9545190334320068
0,0,0.45921334624290466,0.4431784152984619,-0.37098225951194763,0.9999814629554749
0,1,0.467007040977478,0.4353253245353699,-0.3455791175365448,0.9999237060546875
0,2,0.47244447469711304,0.4354183077812195,-0.3456120789051056,0.9999270439147949
0,3,0.47755298018455505,0.43556228280067444,-0.3456263840198517,0.9999263882637024
0,4,0.45217961072921753,0.4351094961166382,-0.3473595380783081,0.99991774559021
0,5,0.447441965341568,0.4350070357322693,-0.3473299741744995,0.9999075531959534
0,6,0.44307130575180054,0.4349987506866455,-0.34722620248794556,0.9999026656150818
0,7,0.48443952202796936,0.43876561522483826,-0.1710730344057083,0.9998312592506409
0,8,0.4390431344509125,0.4379051625728607,-0.1759263128042221,0.9997225403785706
0,9,0.4695395827293396,0.4521750509738922,-0.30093374848365784,0.9999741911888123
0,10,0.45170992612838745,0.4518813192844391,-0.3020264506340027,0.9999631643295288
0,11,0.5303868651390076,0.4886476397514343,-0.056994736194610596,0.9999750852584839
0,12,0.3998863101005554,0.48890408873558044,-0.04708290100097656,0.9999451041221619
0,13,0.555092453956604,0.5453032851219177,0.00754029443487525,0.9901869893074036
0,14,0.3775765895843506,0.546550452709198,0.02071126364171505,0.9674592018127441
0,15,0.5705873966217041,0.6002827286720276,-0.1521909385919571,0.9848172664642334
0,16,0.3719828426837921,0.5965184569358826,-0.12472391873598099,0.9564623832702637
0,17,0.5761165022850037,0.6222652196884155,-0.1963987499475479,0.9687281250953674
0,18,0.3699345588684082,0.6142851710319519,-0.1719330996274948,0.9265191555023193
0,19,0.5668191313743591,0.6227596402168274,-0.2495078146457672,0.9707111716270447
0,20,0.3788321018218994,0.6131166815757751,-0.23049254715442657,0.9316549301147461
0,21,0.5622978806495667,0.6184700131416321,-0.17663966119289398,0.961750864982605
0,22,0.38206973671913147,0.6069486737251282,-0.15055471658706665,0.9178596138954163
0,23,0.5055390000343323,0.6047637462615967,-0.005191577132791281,0.9995004534721375
0,24,0.43170177936553955,0.605305552482605,0.005136243533343077,0.9997037053108215
0,25,0.5055720806121826,0.6925572156906128,-0.05776295065879822,0.9834555983543396
0,26,0.44347479939460754,0.6982775330543518,-0.03568807989358902,0.9811677932739258
0,27,0.5112707614898682,0.78248530626297,0.09791146963834763,0.9594394564628601
0,28,0.45841649174690247,0.7849505543708801,0.14150558412075043,0.9536212682723999
0,29,0.5088194608688354,0.7922482490539551,0.10041714459657669,0.7582389116287231
0,30,0.4668372571468353,0.7951337099075317,0.14639100432395935,0.7679397463798523
0,31,0.5168840289115906,0.8182141184806824,-0.1173025369644165,0.9562755227088928
0,32,0.4548783302307129,0.8149611949920654,-0.05306965112686157,0.9569122195243835
0,0,0.459483802318573,0.44311556220054626,-0.36248332262039185,0.9999828338623047
0,1,0.46715500950813293,0.43574628233909607,-0.33839935064315796,0.9999295473098755
0,2,0.4725949168205261,0.4357687830924988,-0.3384339511394501,0.999932587146759
0,3,0.4777621328830719,0.43588465452194214,-0.3384646773338318,0.9999319911003113
0,4,0.4524884521961212,0.43554946780204773,-0.34139126539230347,0.9999236464500427
0,5,0.44794729351997375,0.43552109599113464,-0.34134218096733093,0.9999143481254578
0,6,0.4436626732349396,0.43544480204582214,-0.34119683504104614,0.9999098777770996
0,7,0.48454588651657104,0.43872541189193726,-0.16375456750392914,0.9998450875282288
0,8,0.4392898380756378,0.43770870566368103,-0.17184410989284515,0.9997454285621643
0,9,0.4698293209075928,0.4515064060688019,-0.2904004156589508,0.9999759197235107
0,10,0.4521191120147705,0.45130467414855957,-0.29334932565689087,0.9999657273292542
0,11,0.5305859446525574,0.4870738685131073,-0.04201343655586243,0.9999769926071167
0,12,0.3983428478240967,0.48744598031044006,-0.03921221196651459,0.9999478459358215
0,13,0.5549686551094055,0.5437442064285278,0.03496303781867027,0.9898442625999451
0,14,0.3742900490760803,0.5452681183815002,0.024819381535053253,0.9681505560874939
0,15,0.572841227054596,0.6000553369522095,-0.11705507338047028,0.9844689965248108
0,16,0.36886289715766907,0.5945594906806946,-0.12259603291749954,0.9574950933456421
0,17,0.5789024233818054,0.6221003532409668,-0.16058120131492615,0.9679641723632812
0,18,0.36695384979248047,0.6113302111625671,-0.16895517706871033,0.927918553352356
0,19,0.5702030062675476,0.6226284503936768,-0.21464601159095764,0.9700857400894165
0,20,0.3762111961841583,0.6101541519165039,-0.22868593037128448,0.9330154061317444
0,21,0.5656933188438416,0.6184163093566895,-0.14202944934368134,0.9610826373100281
0,22,0.37944304943084717,0.6043980717658997,-0.14817005395889282,0.9194740056991577
0,23,0.5049921870231628,0.6035953760147095,-0.010472957044839859,0.9995384216308594
0,24,0.4305349290370941,0.603991687297821,0.010457716882228851,0.9997109770774841
0,25,0.5053778886795044,0.6936699151992798,-0.06905996799468994,0.9836248755455017
0,26,0.443440705537796,0.6982426643371582,-0.03001817874610424,0.9808927178382874
0,27,0.5103208422660828,0.791964590549469,0.04036857187747955,0.9625775814056396
0,28,0.4600752294063568,0.785955548286438,0.12450233846902847,0.956434428691864
0,29,0.508219838142395,0.8038185238838196,0.03809962421655655,0.766904354095459
0,30,0.4680194556713104,0.7964473366737366,0.12848570942878723,0.7723435759544373
0,31,0.5148640871047974,0.8261045217514038,-0.1778189092874527,0.9594088196754456
0,32,0.45423623919487,0.8164543509483337,-0.06418739259243011,0.959129273891449
0,0,0.4597366750240326,0.443168967962265,-0.40420591831207275,0.9999842643737793
0,1,0.4673561453819275,0.4359362721443176,-0.3815876543521881,0.999935507774353
0,2,0.47282785177230835,0.4359065592288971,-0.38161545991897583,0.9999382495880127
0,3,0.47793862223625183,0.43599966168403625,-0.3816268742084503,0.9999376535415649
0,4,0.4528147578239441,0.435637891292572,-0.38232922554016113,0.9999299049377441
0,5,0.44821852445602417,0.435518741607666,-0.3822981119155884,0.999921441078186
0,6,0.4437755346298218,0.43547964096069336,-0.38221773505210876,0.9999172687530518
0,7,0.4845925271511078,0.4388003647327423,-0.20575132966041565,0.9998584985733032
0,8,0.4389480948448181,0.43793177604675293,-0.2120697945356369,0.9997674822807312
0,9,0.4700457453727722,0.45105114579200745,-0.33467379212379456,0.9999778270721436
0,10,0.45199793577194214,0.45065441727638245,-0.33659908175468445,0.9999684691429138
0,11,0.5306631326675415,0.486781507730484,-0.07796940952539444,0.9999786019325256
0,12,0.396318644285202,0.48688310384750366,-0.06395145505666733,0.9999504089355469
0,13,0.5552266836166382,0.5447087287902832,0.01249157078564167,0.9900550842285156
0,14,0.3710601329803467,0.5456525087356567,0.005935444962233305,0.9690923690795898
0,15,0.575843095779419,0.6012191772460938,-0.14433784782886505,0.9848965406417847
0,16,0.3659655451774597,0.5942785143852234,-0.15052421391010284,0.9589852690696716
0,17,0.5816149115562439,0.6231138706207275,-0.18550311028957367,0.9685417413711548
0,18,0.363419771194458,0.6102786660194397,-0.19566163420677185,0.9299826622009277
0,19,0.5730842351913452,0.623845100402832,-0.23018032312393188,0.9706997275352478
0,20,0.3724423050880432,0.6088199615478516,-0.25527170300483704,0.935009241104126
0,21,0.5690186023712158,0.6188497543334961,-0.16594292223453522,0.9619387984275818
0,22,0.3759706914424896,0.6035281419754028,-0.177817702293396,0.9219704270362854
0,23,0.5052161812782288,0.6043028831481934,-0.014970040880143642,0.9995703101158142
0,24,0.4299907684326172,0.6046507358551025,0.014936271123588085,0.9997169375419617
0,25,0.5053749680519104,0.6966409683227539,-0.05468713119626045,0.9840620756149292
0,26,0.4424211382865906,0.6982479095458984,-0.01183924451470375,0.9812622666358948
0,27,0.5096093416213989,0.7961744666099548,0.0739688128232956,0.9655869007110596
0,28,0.46118298172950745,0.7866767644882202,0.14968399703502655,0.9595426917076111
0,29,0.5072242617607117,0.8088400959968567,0.07314322888851166,0.7796094417572021
0,30,0.46863141655921936,0.7977662086486816,0.1530413031578064,0.7816073894500732
0,31,0.5155166387557983,0.8274325728416443,-0.13899540901184082,0.9625110626220703
0,32,0.45344123244285583,0.8155532479286194,-0.040829215198755264,0.9617334008216858
0,0,0.45990943908691406,0.4425767958164215,-0.40330594778060913,0.9999855756759644
0,1,0.4674050807952881,0.4353480935096741,-0.37897223234176636,0.9999409914016724
0,2,0.4729478061199188,0.43537309765815735,-0.37900182604789734,0.9999434947967529
0,3,0.47806814312934875,0.4355156719684601,-0.37900930643081665,0.99994295835495
0,4,0.4530061185359955,0.4350518584251404,-0.37952283024787903,0.9999357461929321
0,5,0.4484717845916748,0.43492892384529114,-0.37950700521469116,0.9999280571937561
0,6,0.44404664635658264,0.43487879633903503,-0.3794502913951874,0.9999242424964905
0,7,0.4846764802932739,0.4386892020702362,-0.20435811579227448,0.9998708367347717
0,8,0.439068466424942,0.43770450353622437,-0.20976123213768005,0.9997879862785339
0,9,0.4701152443885803,0.4503428637981415,-0.33526554703712463,0.9999796152114868
0,10,0.45202359557151794,0.44966331124305725,-0.3371007740497589,0.9999710321426392
0,11,0.5309719443321228,0.4875450134277344,-0.08241560310125351,0.9999800324440002
0,12,0.3951433002948761,0.48745787143707275,-0.06679759919643402,0.999952495098114
0,13,0.555310070514679,0.5453263521194458,0.0016496431780979037,0.9901834726333618
0,14,0.367804616689682,0.545983612537384,-0.008228854276239872,0.9698919057846069
0,15,0.5776385068893433,0.604904294013977,-0.1476161777973175,0.9849391579627991
0,16,0.3628567159175873,0.594778835773468,-0.17840586602687836,0.9601426124572754
0,17,0.5831373333930969,0.6256104111671448,-0.1906348317861557,0.9684270024299622
0,18,0.36049026250839233,0.6101455688476562,-0.22564548254013062,0.931591808795929
0,19,0.574759840965271,0.626443088054657,-0.242095485329628,0.970647931098938
0,20,0.36966678500175476,0.6077796816825867,-0.2834767699241638,0.936530351638794
0,21,0.5707910656929016,0.620550274848938,-0.17146439850330353,0.9619402289390564
0,22,0.37305018305778503,0.6027356386184692,-0.20553922653198242,0.9238492250442505
0,23,0.5053075551986694,0.6048928499221802,-0.018506310880184174,0.9995994567871094
0,24,0.4291192591190338,0.605292022228241,0.018465865403413773,0.9997209310531616
0,25,0.5048519372940063,0.6988865733146667,-0.0553111806511879,0.98442143201828
0,26,0.4407270848751068,0.6986508965492249,0.006371390540152788,0.9811075925827026
0,27,0.507218062877655,0.7983248233795166,0.06721106916666031,0.9682121276855469
0,28,0.4611717164516449,0.7861794829368591,0.18303747475147247,0.9618089199066162
0,29,0.5052550435066223,0.8120249509811401,0.06532911956310272,0.7891775965690613
0,30,0.468421995639801,0.7972754836082458,0.18776066601276398,0.7870007753372192
0,31,0.5081580281257629,0.8257004618644714,-0.15240824222564697,0.9651234745979309
0,32,0.4521152973175049,0.8149111866950989,-0.004800231195986271,0.9635893702507019
0,0,0.46005579829216003,0.4425100088119507,-0.400017112493515,0.9999866485595703
0,1,0.4675309956073761,0.43541115522384644,-0.3753788471221924,0.9999457001686096
0,2,0.47301727533340454,0.43550753593444824,-0.3754146099090576,0.9999479651451111
0,3,0.4781078100204468,0.43570128083229065,-0.3754231333732605,0.9999474287033081
0,4,0.4531666040420532,0.4350540339946747,-0.37564119696617126,0.9999407529830933
0,5,0.44865986704826355,0.43490126729011536,-0.37563207745552063,0.9999337196350098
0,6,0.4442223012447357,0.43480178713798523,-0.3755958378314972,0.9999301433563232
0,7,0.48473209142684937,0.43913060426712036,-0.20407219231128693,0.9998814463615417
0,8,0.4391215741634369,0.43780794739723206,-0.20822861790657043,0.9998058080673218
0,9,0.470209002494812,0.450456827878952,-0.33400484919548035,0.9999810457229614
0,10,0.451895147562027,0.44972074031829834,-0.3353886008262634,0.9999730587005615
0,11,0.532382071018219,0.4885539710521698,-0.08816476166248322,0.9999807476997375
0,12,0.39446040987968445,0.48813584446907043,-0.07344188541173935,0.99995356798172
0,13,0.5555148124694824,0.5486463308334351,-0.003541582962498069,0.9901213049888611
0,14,0.3663727045059204,0.5463399887084961,-0.023672839626669884,0.9701895117759705
0,15,0.5785377621650696,0.6096653938293457,-0.14947134256362915,0.9845547676086426
0,16,0.3606678247451782,0.5953606367111206,-0.19211728870868683,0.9607858061790466
0,17,0.5849698781967163,0.6294535398483276,-0.19034796953201294,0.9675831198692322
0,18,0.3580382466316223,0.6105870008468628,-0.23629964888095856,0.9324576258659363
0,19,0.5771660804748535,0.6302508115768433,-0.2431144416332245,0.9699216485023499
0,20,0.36710819602012634,0.6082085967063904,-0.2918781042098999,0.9373684525489807
0,21,0.5725113153457642,0.623970091342926,-0.17322039604187012,0.9611416459083557
0,22,0.37062346935272217,0.6033271551132202,-0.21814437210559845,0.9248991012573242
0,23,0.505202054977417,0.6057606935501099,-0.01971924863755703,0.9996240139007568
0,24,0.4282359778881073,0.6056712865829468,0.019654439762234688,0.9997202157974243
0,25,0.5047210454940796,0.7005899548530579,-0.09921128302812576,0.9842327833175659
0,26,0.43928104639053345,0.6992949843406677,0.011563261039555073,0.9797751903533936
0,27,0.5054008364677429,0.7989985346794128,-0.012964739464223385,0.9703011512756348
0,28,0.46101129055023193,0.785848081111908,0.17555686831474304,0.9628745913505554
0,29,0.5041966438293457,0.815048098564148,-0.018152086064219475,0.7970036864280701
0,30,0.46835142374038696,0.7970834970474243,0.17912112176418304,0.7892561554908752
0,31,0.5006032586097717,0.8222808241844177,-0.23317685723304749,0.9672297835350037
0,32,0.45119553804397583,0.8132961392402649,-0.005264149978756905,0.9643903970718384
0,0,0.46039989590644836,0.44279080629348755,-0.4371141791343689,0.9999876022338867
0,1,0.4684286415576935,0.43574053049087524,-0.41204574704170227,0.9999498724937439
0,2,0.47381725907325745,0.43592706322669983,-0.4120858907699585,0.999951958656311
0,3,0.47857826948165894,0.4360998868942261,-0.4120936393737793,0.9999514222145081
0,4,0.4533705711364746,0.43534770607948303,-0.41284552216529846,0.9999452233314514
0,5,0.4486936330795288,0.4351794719696045,-0.4128502309322357,0.9999387860298157
0,6,0.4443356692790985,0.434991717338562,-0.41283532977104187,0.9999353289604187
0,7,0.48527103662490845,0.43965813517570496,-0.240806445479393,0.999890923500061
0,8,0.43915262818336487,0.4382055699825287,-0.24772994220256805,0.9998217225074768
0,9,0.4710230231285095,0.4508240222930908,-0.37149322032928467,0.9999822974205017
0,10,0.4520052969455719,0.4500948488712311,-0.373656302690506,0.99997478723526
0,11,0.5339454412460327,0.4892154335975647,-0.12444235384464264,0.9999808669090271
0,12,0.394049733877182,0.48892512917518616,-0.11784476786851883,0.9999541640281677
0,13,0.5562307238578796,0.5558541417121887,-0.03346782550215721,0.9901247620582581
0,14,0.36549878120422363,0.5469318628311157,-0.06482420116662979,0.9706050157546997
0,15,0.5789134502410889,0.6141884922981262,-0.16531777381896973,0.98431795835495
0,16,0.35833218693733215,0.5958203673362732,-0.22582626342773438,0.9614855647087097
0,17,0.585275411605835,0.633237361907959,-0.2025117576122284,0.9670102000236511
0,18,0.3554180860519409,0.6112908124923706,-0.2672079801559448,0.9334169626235962
0,19,0.5772131085395813,0.6336042881011963,-0.2566692531108856,0.9694481492042542
0,20,0.3650136888027191,0.608974814414978,-0.32374662160873413,0.9382948279380798
0,21,0.5725741982460022,0.6272585988044739,-0.18906019628047943,0.9607192873954773
0,22,0.36857831478118896,0.6040399670600891,-0.25181934237480164,0.9261308312416077
0,23,0.5053784847259521,0.607771635055542,-0.018486684188246727,0.9996405243873596
0,24,0.42788171768188477,0.6072319746017456,0.01841503567993641,0.9997121691703796
0,25,0.5046249032020569,0.7022348642349243,-0.09633059799671173,0.9832916855812073
0,26,0.4381640553474426,0.7009432911872864,0.012415839359164238,0.9774916768074036
0,27,0.5022792220115662,0.8010314702987671,0.000753281987272203,0.9715892672538757
0,28,0.4610632658004761,0.7856351137161255,0.17840895056724548,0.9626362323760986
0,29,0.4993945360183716,0.8191059231758118,-0.003408499527722597,0.8027138710021973
0,30,0.46842288970947266,0.796901524066925,0.18210740387439728,0.7881854772567749
0,31,0.4960709512233734,0.824141263961792,-0.21165360510349274,0.9684463739395142
0,32,0.4509972631931305,0.8114538788795471,-0.0011275212746113539,0.9638946652412415
0,0,0.4609987139701843,0.44299963116645813,-0.4618566036224365,0.9999883770942688
0,1,0.46949148178100586,0.4359598457813263,-0.43784433603286743,0.9999532699584961
0,2,0.47471383213996887,0.4361971616744995,-0.4378812909126282,0.9999552369117737
0,3,0.4791586697101593,0.43633967638015747,-0.4379017651081085,0.9999547004699707
0,4,0.4537883698940277,0.43551069498062134,-0.4383961856365204,0.9999488592147827
0,5,0.44893020391464233,0.435333788394928,-0.43840479850769043,0.9999428391456604
0,6,0.4444497525691986,0.43512415885925293,-0.43840619921684265,0.9999393820762634
0,7,0.4861821234226227,0.43989822268486023,-0.26873043179512024,0.9998990297317505
0,8,0.43928763270378113,0.438294917345047,-0.2743489444255829,0.9998350739479065
0,9,0.4718192517757416,0.4510841965675354,-0.3963211476802826,0.9999833703041077
0,10,0.45203033089637756,0.4502757787704468,-0.39812007546424866,0.9999761581420898
0,11,0.5355052351951599,0.4895172715187073,-0.15245716273784637,0.9999812841415405
0,12,0.39420774579048157,0.4891152083873749,-0.13539566099643707,0.9999544024467468
0,13,0.5570665597915649,0.5596637725830078,-0.0578048899769783,0.9902294874191284
0,14,0.3655685484409332,0.5472695231437683,-0.06533548980951309,0.9701576232910156
0,15,0.5795567631721497,0.6172279715538025,-0.18785354495048523,0.9841358661651611
0,16,0.3577253520488739,0.5964625477790833,-0.2118934541940689,0.9616145491600037
0,17,0.5861774682998657,0.6370692849159241,-0.2259184718132019,0.9667039513587952
0,18,0.3530641496181488,0.6122155785560608,-0.250416100025177,0.9335761666297913
0,19,0.5780079960823059,0.6378597021102905,-0.27939632534980774,0.9691992998123169
0,20,0.3632056713104248,0.610073983669281,-0.3091176450252533,0.9384501576423645
0,21,0.5734219551086426,0.6314920783042908,-0.21087341010570526,0.960567831993103
0,22,0.36744046211242676,0.6050498485565186,-0.238108828663826,0.9264858961105347
0,23,0.5054006576538086,0.6094252467155457,-0.02197943814098835,0.999657392501831
0,24,0.4276620149612427,0.608421266078949,0.02190202847123146,0.999696671962738
0,25,0.5021539926528931,0.70443195104599,-0.1234213188290596,0.9816505908966064
0,26,0.4380461275577545,0.7031415700912476,0.046478576958179474,0.9707875847816467
0,27,0.4974759519100189,0.8067287802696228,-0.045068614184856415,0.9720125794410706
0,28,0.4618528187274933,0.785560131072998,0.2430988848209381,0.9583199620246887
0,29,0.4968574047088623,0.8235958218574524,-0.05183117464184761,0.802334725856781
0,30,0.4690304398536682,0.7966957688331604,0.24995575845241547,0.7809445261955261
0,31,0.4892374575138092,0.8284820914268494,-0.265427827835083,0.9684464335441589
0,32,0.4471934139728546,0.8096507787704468,0.0714600533246994,0.960307240486145
0,0,0.4613833427429199,0.4423699975013733,-0.45808783173561096,0.9999889135360718
0,1,0.4702085852622986,0.4352513551712036,-0.4326187074184418,0.999955952167511
0,2,0.47537797689437866,0.43546247482299805,-0.4326664209365845,0.9999577403068542
0,3,0.47975611686706543,0.4356003403663635,-0.43267783522605896,0.9999571442604065
0,4,0.45400139689445496,0.4349079430103302,-0.432420551776886,0.9999517798423767
0,5,0.44897353649139404,0.43480613827705383,-0.4324416518211365,0.9999458193778992
0,6,0.4445101320743561,0.43475541472435,-0.43247267603874207,0.9999423623085022
0,7,0.48724210262298584,0.4391765892505646,-0.25737619400024414,0.9999046325683594
0,8,0.43939149379730225,0.4377163052558899,-0.2582087218761444,0.9998461604118347
0,9,0.472410649061203,0.45032328367233276,-0.3904663324356079,0.9999844431877136
0,10,0.4521341919898987,0.449724942445755,-0.3907209038734436,0.9999775290489197
0,11,0.5375882983207703,0.4896180331707001,-0.14057767391204834,0.9999821186065674
0,12,0.39426755905151367,0.48883551359176636,-0.12854230403900146,0.9999549388885498
0,13,0.5589880347251892,0.5620704293251038,-0.07038319110870361,0.9900457262992859
0,14,0.3651600778102875,0.5476766228675842,-0.07492226362228394,0.970306396484375
0,15,0.5805746912956238,0.6194313168525696,-0.23415066301822662,0.9835478067398071
0,16,0.35730987787246704,0.5968502759933472,-0.24378596246242523,0.96116703748703
0,17,0.5875952243804932,0.6399332880973816,-0.2805015444755554,0.9660102725028992
0,18,0.35237205028533936,0.6137800216674805,-0.2897646725177765,0.9325329661369324
0,19,0.5789333581924438,0.6408567428588867,-0.33360353112220764,0.9685561656951904
0,20,0.3635774850845337,0.6115090250968933,-0.35085350275039673,0.9373483657836914
0,21,0.5740929245948792,0.6343510150909424,-0.25815504789352417,0.9598326086997986
0,22,0.3677963614463806,0.6063608527183533,-0.27144891023635864,0.9253979921340942
0,23,0.5051770806312561,0.6132858991622925,-0.023516399785876274,0.9996841549873352
0,24,0.42691120505332947,0.6117318272590637,0.023487092927098274,0.9996985793113708
0,25,0.5008232593536377,0.7079880237579346,-0.12895037233829498,0.9818345904350281
0,26,0.4374817907810211,0.7079384922981262,0.11224370449781418,0.9666954874992371
0,27,0.492294579744339,0.8141536116600037,-0.05577031895518303,0.973179817199707
0,28,0.4633040130138397,0.7791880965232849,0.5114793181419373,0.9431462287902832
0,29,0.4907410442829132,0.8307593464851379,-0.06344878673553467,0.8022139668464661
0,30,0.47156327962875366,0.7856996059417725,0.5415031313896179,0.7617420554161072
0,31,0.4893164038658142,0.8398335576057434,-0.29563531279563904,0.9691249132156372
0,32,0.4475971460342407,0.8066967725753784,0.387245774269104,0.9510017037391663
0,0,0.4614960551261902,0.44046199321746826,-0.44321826100349426,0.99998939037323
0,1,0.4707848131656647,0.43321773409843445,-0.41824620962142944,0.9999583959579468
0,2,0.47592344880104065,0.4334007501602173,-0.4182935953140259,0.9999600052833557
0,3,0.4803858697414398,0.4336819648742676,-0.41830599308013916,0.999959409236908
0,4,0.4540915787220001,0.43287166953086853,-0.41686132550239563,0.9999542832374573
0,5,0.44900405406951904,0.432913601398468,-0.4168787896633148,0.9999483227729797
0,6,0.4445995092391968,0.433115154504776,-0.41690993309020996,0.999944806098938
0,7,0.48846909403800964,0.4373032748699188,-0.24428454041481018,0.9999101161956787
0,8,0.4394301772117615,0.43609336018562317,-0.24557086825370789,0.9998555779457092
0,9,0.47278517484664917,0.44871988892555237,-0.37572944164276123,0.9999855756759644
0,10,0.4521593451499939,0.4484615623950958,-0.3743975758552551,0.9999788999557495
0,11,0.540079653263092,0.4897306561470032,-0.13043728470802307,0.9999833703041077
0,12,0.39464884996414185,0.48724696040153503,-0.11770140379667282,0.9999561905860901
0,13,0.5607486963272095,0.5634645819664001,-0.07190588116645813,0.9898791313171387
0,14,0.3648659586906433,0.5479572415351868,-0.06116122379899025,0.9700069427490234
0,15,0.5812129378318787,0.6207624077796936,-0.24718739092350006,0.9831834435462952
0,16,0.3563675284385681,0.598427951335907,-0.23990264534950256,0.9606571197509766
0,17,0.5884801149368286,0.6417449116706848,-0.29648685455322266,0.9659262895584106
0,18,0.3501579165458679,0.6170136332511902,-0.2881740927696228,0.9317822456359863
0,19,0.5800734758377075,0.6427817940711975,-0.34798282384872437,0.9684781432151794
0,20,0.36281484365463257,0.614845335483551,-0.3492679297924042,0.9365423917770386
0,21,0.575222909450531,0.636253833770752,-0.27060940861701965,0.9596365094184875
0,22,0.36754754185676575,0.6095237731933594,-0.26797613501548767,0.9246145486831665
0,23,0.5050978660583496,0.6160281300544739,-0.02906205505132675,0.9997127056121826
0,24,0.42619186639785767,0.6144955158233643,0.029047131538391113,0.9997121691703796
0,25,0.49972009658813477,0.7111596465110779,-0.17376653850078583,0.9825921654701233
0,26,0.4358596205711365,0.7103004455566406,0.13171455264091492,0.9629102945327759
0,27,0.4916045069694519,0.8261418342590332,-0.09162037819623947,0.9749739766120911
0,28,0.4642484784126282,0.7777577042579651,0.589932382106781,0.9295613169670105
0,29,0.4898049235343933,0.8410102128982544,-0.09839914739131927,0.8046137690544128
0,30,0.47319480776786804,0.783667802810669,0.6264361143112183,0.7471969127655029
0,31,0.48662906885147095,0.8510619401931763,-0.34197160601615906,0.9707562923431396
0,32,0.4483684003353119,0.8069036602973938,0.4780096709728241,0.9442384839057922
0,0,0.4631321132183075,0.43727391958236694,-0.43938836455345154,0.999989926815033
0,1,0.47261446714401245,0.42952051758766174,-0.40783387422561646,0.9999609589576721
0,2,0.4776521623134613,0.4297446310520172,-0.40791016817092896,0.9999623894691467
0,3,0.4820944368839264,0.4298243522644043,-0.4079414904117584,0.999961793422699
0,4,0.45517703890800476,0.4293436110019684,-0.4055176079273224,0.9999569058418274
0,5,0.44977566599845886,0.42949047684669495,-0.40555262565612793,0.9999510049819946
0,6,0.4451562464237213,0.4296376407146454,-0.4056125581264496,0.9999476075172424
0,7,0.49061599373817444,0.4336008131504059,-0.21676111221313477,0.9999157786369324
0,8,0.43948444724082947,0.4330527186393738,-0.2108105570077896,0.9998655915260315
0,9,0.4742783010005951,0.44641178846359253,-0.3616292178630829,0.9999867081642151
0,10,0.45317333936691284,0.44644492864608765,-0.35825395584106445,0.9999804496765137
0,11,0.5423787832260132,0.4898035526275635,-0.10056901723146439,0.9999846816062927
0,12,0.39494532346725464,0.4852026700973511,-0.08672633022069931,0.999957799911499
0,13,0.5622432231903076,0.5635019540786743,-0.060764607042074203,0.9893677234649658
0,14,0.3646368384361267,0.5481299757957458,-0.05518485978245735,0.9697798490524292
0,15,0.5818219184875488,0.6212624907493591,-0.22928641736507416,0.9823475480079651
0,16,0.3564258813858032,0.600284218788147,-0.23168420791625977,0.9600566029548645
0,17,0.5891894102096558,0.6417632699012756,-0.279365211725235,0.9652722477912903
0,18,0.34956762194633484,0.6202929615974426,-0.282882422208786,0.9311071038246155
0,19,0.5809864401817322,0.6427326798439026,-0.33077272772789,0.9678832292556763
0,20,0.3624705970287323,0.6184773445129395,-0.344486266374588,0.9358449578285217
0,21,0.5760065317153931,0.6363436579704285,-0.25291940569877625,0.958858072757721
0,22,0.3673771619796753,0.6131261587142944,-0.26026788353919983,0.9239906668663025
0,23,0.505160927772522,0.6182194352149963,-0.027849650010466576,0.9997400045394897
0,24,0.4260900616645813,0.6165213584899902,0.02784343808889389,0.9997309446334839
0,25,0.49922093749046326,0.7140811681747437,-0.18436509370803833,0.9836443662643433
0,26,0.4302668869495392,0.7120181918144226,0.12330173701047897,0.960817277431488
0,27,0.4913742244243622,0.8321284055709839,-0.07152867317199707,0.976880669593811
0,28,0.46417027711868286,0.7756426930427551,0.6440489888191223,0.9165279865264893
0,29,0.48929351568222046,0.846410870552063,-0.07475646585226059,0.8093776106834412
0,30,0.4731732904911041,0.7793506383895874,0.6877362132072449,0.7300323247909546
0,31,0.4862593114376068,0.8595846891403198,-0.3190388083457947,0.9726833701133728
0,32,0.4491086006164551,0.8069325089454651,0.5494835376739502,0.9381181001663208
0,0,0.4632404148578644,0.43287697434425354,-0.4087986350059509,0.9999900460243225
0,1,0.47301149368286133,0.4245212972164154,-0.37863895297050476,0.999962329864502
0,2,0.4782966673374176,0.42465031147003174,-0.37870174646377563,0.9999635815620422
0,3,0.48276522755622864,0.42485323548316956,-0.37873950600624084,0.999963104724884
0,4,0.4552379548549652,0.42455124855041504,-0.3759954571723938,0.9999576210975647
0,5,0.44981905817985535,0.4247440695762634,-0.37602171301841736,0.9999516010284424
0,6,0.4452003240585327,0.4250512421131134,-0.37607547640800476,0.999948263168335
0,7,0.49214276671409607,0.42909830808639526,-0.1915488988161087,0.9999189376831055
0,8,0.4395483434200287,0.4288329482078552,-0.18104897439479828,0.9998704791069031
0,9,0.4746740758419037,0.44236117601394653,-0.3348185420036316,0.9999876618385315
0,10,0.4532768726348877,0.4426720440387726,-0.3310154378414154,0.9999815225601196
0,11,0.5440908670425415,0.4881492853164673,-0.08020897209644318,0.9999858736991882
0,12,0.3951270878314972,0.4818366467952728,-0.05783357098698616,0.9999574422836304
0,13,0.5633112788200378,0.5627289414405823,-0.03322095796465874,0.9889715909957886
0,14,0.3643595278263092,0.547771692276001,-0.01410486176609993,0.9686809182167053
0,15,0.5815830826759338,0.6200305223464966,-0.21843473613262177,0.9822129011154175
0,16,0.35607320070266724,0.6008861660957336,-0.21617978811264038,0.9586279392242432
0,17,0.5890832543373108,0.6403800845146179,-0.26692482829093933,0.9656844735145569
0,18,0.3488467335700989,0.6218789219856262,-0.27720654010772705,0.9294551610946655
0,19,0.5807636976242065,0.641089141368866,-0.3195170760154724,0.9682946801185608
0,20,0.361492782831192,0.6202533841133118,-0.3279692232608795,0.9342892169952393
0,21,0.5754756331443787,0.6346821188926697,-0.24200020730495453,0.9593708515167236
0,22,0.36644211411476135,0.6146034598350525,-0.2518346607685089,0.9226248264312744
0,23,0.5060534477233887,0.6180658340454102,-0.027477366849780083,0.9997647404670715
0,24,0.4258248805999756,0.6165719628334045,0.02746754139661789,0.9997483491897583
0,25,0.49885794520378113,0.7163865566253662,-0.1729581654071808,0.9846393465995789
0,26,0.4237659275531769,0.7134974598884583,0.08302208036184311,0.960321843624115
0,27,0.4892168939113617,0.832929253578186,-0.05484049394726753,0.9784945845603943
0,28,0.46327683329582214,0.7723143100738525,0.6308754682540894,0.9028238654136658
0,29,0.48792484402656555,0.8421035408973694,-0.04325038567185402,0.8108036518096924
0,30,0.47231996059417725,0.7732091546058655,0.680479884147644,0.7086255550384521
0,31,0.4835016429424286,0.8635194301605225,-0.2534617781639099,0.9742176532745361
0,32,0.4491983652114868,0.8063493967056274,0.5581032633781433,0.9306895732879639
0,0,0.4632321298122406,0.4294344484806061,-0.39057597517967224,0.999989926815033
0,1,0.47305282950401306,0.42061638832092285,-0.36317411065101624,0.9999629259109497
0,2,0.4784623682498932,0.4206858277320862,-0.36323946714401245,0.9999641180038452
0,3,0.4829983711242676,0.42087674140930176,-0.36328813433647156,0.9999638795852661
0,4,0.45525509119033813,0.42062026262283325,-0.3590205907821655,0.9999573230743408
0,5,0.4498513638973236,0.42072227597236633,-0.35903555154800415,0.9999508857727051
0,6,0.4451923668384552,0.4209784269332886,-0.3590777814388275,0.9999476075172424
0,7,0.4926827847957611,0.4250313341617584,-0.1825600564479828,0.9999211430549622
0,8,0.4396013021469116,0.42482611536979675,-0.16332398355007172,0.9998722672462463
0,9,0.4748254120349884,0.4391646385192871,-0.32010409235954285,0.9999884366989136
0,10,0.45329853892326355,0.4393378794193268,-0.3142126202583313,0.9999822378158569
0,11,0.5460481643676758,0.4843848943710327,-0.0777231752872467,0.999987006187439
0,12,0.3951100707054138,0.47941499948501587,-0.037008896470069885,0.9999570846557617
0,13,0.565257728099823,0.557900607585907,-0.031386226415634155,0.9887797832489014
0,14,0.36395594477653503,0.5472671985626221,0.016977474093437195,0.9673629403114319
0,15,0.5827203989028931,0.6194254755973816,-0.2177583873271942,0.9823797345161438
0,16,0.3556341826915741,0.6018807291984558,-0.1709190160036087,0.9567323327064514
0,17,0.588829755783081,0.639819324016571,-0.26973557472229004,0.9664902687072754
0,18,0.3484959602355957,0.6236484050750732,-0.22609417140483856,0.9269934892654419
0,19,0.5808261036872864,0.6403535008430481,-0.32366764545440674,0.9690682291984558
0,20,0.36087796092033386,0.6218897104263306,-0.2895675003528595,0.9319751858711243
0,21,0.5759778022766113,0.6339066028594971,-0.2420395463705063,0.9602779746055603
0,22,0.36582493782043457,0.6159226298332214,-0.20321139693260193,0.9204332828521729
0,23,0.5068955421447754,0.6175661087036133,-0.029375139623880386,0.9997870922088623
0,24,0.4251847267150879,0.6162338256835938,0.02938506379723549,0.9997645616531372
0,25,0.49802806973457336,0.7174391150474548,-0.1721649020910263,0.9856275916099548
0,26,0.41840097308158875,0.7156720161437988,0.06954579800367355,0.9607880115509033
0,27,0.488041490316391,0.8324646949768066,0.007478567771613598,0.9800259470939636
0,28,0.4628247618675232,0.7692418694496155,0.6367485523223877,0.8930646181106567
0,29,0.486823171377182,0.8406218886375427,0.023954495787620544,0.8143661618232727
0,30,0.47228580713272095,0.7697350978851318,0.6879532933235168,0.6918619275093079
0,31,0.48335155844688416,0.8652254939079285,-0.2079741507768631,0.9757228493690491
0,32,0.4489113390445709,0.8058411478996277,0.5724040269851685,0.9250794053077698
0,0,0.4632294178009033,0.42536893486976624,-0.37610357999801636,0.9999902844429016
0,1,0.4730929136276245,0.4163404405117035,-0.3485795855522156,0.9999648332595825
0,2,0.4786555767059326,0.41635388135910034,-0.3486437201499939,0.9999659061431885
0,3,0.4832172393798828,0.41645973920822144,-0.34869903326034546,0.9999657273292542
0,4,0.4551840126514435,0.4162696599960327,-0.3453391492366791,0.9999589920043945
0,5,0.44971972703933716,0.4162658452987671,-0.34534570574760437,0.9999526143074036
0,6,0.4448384940624237,0.4163658320903778,-0.3453536629676819,0.9999495148658752
0,7,0.4929480254650116,0.4202738106250763,-0.16516485810279846,0.9999259114265442
0,8,0.43931350111961365,0.4197385311126709,-0.1497817486524582,0.9998793601989746
0,9,0.4749358892440796,0.435397207736969,-0.30497926473617554,0.9999892711639404
0,10,0.45332860946655273,0.43553245067596436,-0.30032703280448914,0.9999833703041077
0,11,0.5476093888282776,0.48015186190605164,-0.06081906333565712,0.9999880790710449
0,12,0.39466726779937744,0.47657546401023865,-0.023232899606227875,0.9999577403068542
0,13,0.5670222640037537,0.552653968334198,-0.015753047540783882,0.9885859489440918
0,14,0.36368653178215027,0.5458852052688599,0.02499942108988762,0.9670526385307312
0,15,0.583737850189209,0.6188035011291504,-0.21440613269805908,0.9827113747596741
0,16,0.35565030574798584,0.6019792556762695,-0.16652879118919373,0.9563968777656555
0,17,0.5885730385780334,0.6392458081245422,-0.26550573110580444,0.9674504399299622
0,18,0.3483048677444458,0.623868465423584,-0.22186602652072906,0.9266119003295898
0,19,0.5804486870765686,0.6396404504776001,-0.31975027918815613,0.9699734449386597
0,20,0.3603938817977905,0.6222262978553772,-0.28413936495780945,0.9315668940544128
0,21,0.5755939483642578,0.633296549320221,-0.23830856382846832,0.9613982439041138
0,22,0.365608274936676,0.6161640286445618,-0.1966121345758438,0.9202389121055603
0,23,0.5070080757141113,0.6171696186065674,-0.030202101916074753,0.9998074769973755
0,24,0.4235198199748993,0.6161573529243469,0.03021925315260887,0.9997817277908325
0,25,0.4975268244743347,0.7191060185432434,-0.17663945257663727,0.9865932464599609
0,26,0.41461610794067383,0.7158181667327881,0.03355725109577179,0.9620434641838074
0,27,0.4881807267665863,0.8339853882789612,0.057882361114025116,0.9814175963401794
0,28,0.4594469964504242,0.7694585919380188,0.6128667593002319,0.8864821195602417
0,29,0.4867611229419708,0.841922402381897,0.07285050302743912,0.8188239932060242
0,30,0.47004303336143494,0.770174503326416,0.6656138896942139,0.6781498193740845
0,31,0.4836972653865814,0.8670464754104614,-0.1495646983385086,0.9771102666854858
0,32,0.4457169473171234,0.806671142578125,0.5552567839622498,0.9204713106155396
0,0,0.4616049528121948,0.4198746979236603,-0.35572096705436707,0.9999906420707703
0,1,0.4720153212547302,0.4110866189002991,-0.3283340632915497,0.9999663829803467
0,2,0.478166401386261,0.4111090302467346,-0.32840290665626526,0.9999673366546631
0,3,0.48308849334716797,0.41115981340408325,-0.3284609019756317,0.9999673366546631
0,4,0.4535089135169983,0.4109988212585449,-0.3242158889770508,0.9999603033065796
0,5,0.44798603653907776,0.41097933053970337,-0.3242047429084778,0.9999539256095886
0,6,0.44269463419914246,0.41104763746261597,-0.32420268654823303,0.9999510645866394
0,7,0.49289625883102417,0.4143085479736328,-0.14733415842056274,0.9999301433563232
0,8,0.43854957818984985,0.41377168893814087,-0.1272410750389099,0.9998852014541626
0,9,0.4740443527698517,0.4300343990325928,-0.2856381833553314,0.9999899864196777
0,10,0.4524189233779907,0.43017205595970154,-0.2797985076904297,0.9999842643737793
0,11,0.5485660433769226,0.4742937386035919,-0.05099605768918991,0.9999890327453613
0,12,0.39377471804618835,0.4722871780395508,0.002352708950638771,0.9999574422836304
0,13,0.5678439140319824,0.5457278490066528,-0.006478113122284412,0.9885116815567017
0,14,0.3636995553970337,0.5426619052886963,0.053475189954042435,0.9654863476753235
0,15,0.5836802124977112,0.6168783903121948,-0.20302680134773254,0.9831188321113586
0,16,0.3555208146572113,0.6015254259109497,-0.13645173609256744,0.955610990524292
0,17,0.5883857607841492,0.6387830972671509,-0.259808748960495,0.9684744477272034
0,18,0.34754350781440735,0.6235175728797913,-0.19204235076904297,0.9257966876029968
0,19,0.5797929167747498,0.6387277841567993,-0.31521880626678467,0.9708991050720215
0,20,0.35896074771881104,0.6218701601028442,-0.25415417551994324,0.9307416081428528
0,21,0.5748396515846252,0.6323964595794678,-0.227577343583107,0.9625318050384521
0,22,0.36455899477005005,0.6159642338752747,-0.16629184782505035,0.9195894002914429
0,23,0.5074766278266907,0.6158424019813538,-0.03457518294453621,0.9998255968093872
0,24,0.4222230911254883,0.6141045689582825,0.03458886221051216,0.9997968673706055
0,25,0.4972997307777405,0.7194375991821289,-0.1811714470386505,0.9873924255371094
0,26,0.41042986512184143,0.7150746583938599,0.020840663462877274,0.963521420955658
0,27,0.4871663451194763,0.8314840197563171,0.06505460292100906,0.9826188683509827
0,28,0.4559183716773987,0.7714094519615173,0.5743202567100525,0.8874897956848145
0,29,0.4858429729938507,0.8414430618286133,0.0778828114271164,0.8206300139427185
0,30,0.4676245450973511,0.7728419899940491,0.6226943135261536,0.6757708787918091
0,31,0.4826553761959076,0.8685107231140137,-0.14896997809410095,0.978289008140564
0,32,0.44110822677612305,0.8117952346801758,0.4993511140346527,0.920500636100769
0,0,0.46049609780311584,0.41468721628189087,-0.3106361925601959,0.9999908804893494
0,1,0.4711659550666809,0.40585455298423767,-0.2835977375507355,0.9999676942825317
0,2,0.4777175188064575,0.4058291018009186,-0.2836901843547821,0.9999685287475586
0,3,0.48297080397605896,0.4058288633823395,-0.283764511346817,0.9999687671661377
0,4,0.4522553086280823,0.40578314661979675,-0.2776683568954468,0.9999614357948303
0,5,0.446550577878952,0.40574684739112854,-0.27764323353767395,0.999954879283905
0,6,0.4408799707889557,0.40581855177879333,-0.27764344215393066,0.9999523758888245
0,7,0.4927619397640228,0.4085279405117035,-0.10455216467380524,0.999934196472168
0,8,0.43735021352767944,0.4082050919532776,-0.07598729431629181,0.9998908638954163
0,9,0.4733002185821533,0.42508044838905334,-0.24107490479946136,0.9999905824661255
0,10,0.4514823853969574,0.42528387904167175,-0.23283833265304565,0.9999850392341614
0,11,0.5491836071014404,0.4687010943889618,-0.020002685487270355,0.999989926815033
0,12,0.39286062121391296,0.46735846996307373,0.05455394834280014,0.9999578595161438
0,13,0.5691470503807068,0.5394750833511353,0.016335204243659973,0.9884670376777649
0,14,0.36351028084754944,0.5390839576721191,0.1117568165063858,0.96332848072052
0,15,0.5834836363792419,0.6100952625274658,-0.17755943536758423,0.9834949374198914
0,16,0.3548567295074463,0.6013190746307373,-0.07639063149690628,0.9546856880187988
0,17,0.587828516960144,0.6333376169204712,-0.2357446700334549,0.9694414734840393
0,18,0.34651872515678406,0.6238166093826294,-0.13194413483142853,0.9247913360595703
0,19,0.577324390411377,0.6327630877494812,-0.29061663150787354,0.97175133228302
0,20,0.35754403471946716,0.6223443746566772,-0.19427327811717987,0.9297476410865784
0,21,0.5727323293685913,0.627436637878418,-0.20206263661384583,0.9635339975357056
0,22,0.3634079396724701,0.6159488558769226,-0.10657443106174469,0.9187699556350708
0,23,0.5075357556343079,0.6139611601829529,-0.0384751595556736,0.9998418092727661
0,24,0.4201694130897522,0.611964225769043,0.03852638602256775,0.9998103380203247
0,25,0.4973962903022766,0.7198491096496582,-0.1974593698978424,0.9878467321395874
0,26,0.40632525086402893,0.7156280875205994,0.0004088844289071858,0.9642866849899292
0,27,0.48573747277259827,0.8301987051963806,0.05915858596563339,0.9832776188850403
0,28,0.454327791929245,0.776677668094635,0.5484498739242554,0.8867417573928833
0,29,0.485556036233902,0.8412616848945618,0.07088927924633026,0.8168831467628479
0,30,0.4669513404369354,0.7769470810890198,0.5955912470817566,0.672531008720398
0,31,0.4807688593864441,0.8699071407318115,-0.15728236734867096,0.9787119626998901
0,32,0.44022127985954285,0.8196365237236023,0.46561914682388306,0.918996274471283
0,0,0.45907843112945557,0.40866783261299133,-0.3016544580459595,0.9999911785125732
0,1,0.469877153635025,0.39990535378456116,-0.2753005623817444,0.9999686479568481
0,2,0.47679540514945984,0.3998734652996063,-0.27538204193115234,0.9999694228172302
0,3,0.4826163053512573,0.3998873233795166,-0.2754446268081665,0.9999697804450989
0,4,0.4504416286945343,0.3998737037181854,-0.2706536650657654,0.9999620318412781
0,5,0.444291889667511,0.399871826171875,-0.27061891555786133,0.9999554753303528
0,6,0.438510537147522,0.3999859392642975,-0.2706078290939331,0.9999532699584961
0,7,0.49230727553367615,0.4027637839317322,-0.09725713729858398,0.9999377131462097
0,8,0.43549326062202454,0.4024229049682617,-0.07385939359664917,0.9998951554298401
0,9,0.47227340936660767,0.4192800223827362,-0.2321399599313736,0.9999910593032837
0,10,0.45000985264778137,0.4192860424518585,-0.22545506060123444,0.9999855160713196
0,11,0.5493305921554565,0.4633493721485138,-0.007846511900424957,0.9999907612800598
0,12,0.39130499958992004,0.46258917450904846,0.046744562685489655,0.9999578595161438
0,13,0.5699506402015686,0.5348870754241943,0.033308688551187515,0.9883512258529663
0,14,0.36374229192733765,0.535332441329956,0.10416823625564575,0.96113121509552
0,15,0.5814975500106812,0.6029213070869446,-0.15627478063106537,0.9838007688522339
0,16,0.35462987422943115,0.6010118722915649,-0.07523283362388611,0.9537023305892944
0,17,0.5844475626945496,0.6265683770179749,-0.2109198272228241,0.9702320694923401
0,18,0.3470953702926636,0.6238771080970764,-0.13114191591739655,0.9236862063407898
0,19,0.5718345046043396,0.6253342032432556,-0.2655615210533142,0.9724220037460327
0,20,0.3572297990322113,0.6224799156188965,-0.19035901129245758,0.9285734295845032
0,21,0.5667963027954102,0.619785726070404,-0.1805778443813324,0.964320719242096
0,22,0.3626677691936493,0.6159043908119202,-0.10380519926548004,0.9177029132843018
0,23,0.507561206817627,0.6108090877532959,-0.03706834837794304,0.9998557567596436
0,24,0.41782107949256897,0.6084892153739929,0.037101760506629944,0.9998219013214111
0,25,0.4975443184375763,0.7188054323196411,-0.2047530710697174,0.9881932735443115
0,26,0.40320438146591187,0.7153449654579163,-0.06168896332383156,0.9653772115707397
0,27,0.48399874567985535,0.8294695615768433,0.06495121866464615,0.9834868311882019
0,28,0.44682034850120544,0.7881070971488953,0.45238062739372253,0.8885977864265442
0,29,0.4844435155391693,0.8404074311256409,0.07975605875253677,0.8042616844177246
0,30,0.4598158299922943,0.7912591695785522,0.4977039098739624,0.6679511070251465
0,31,0.47739139199256897,0.8704596757888794,-0.1502247452735901,0.9785686731338501
0,32,0.433001309633255,0.8346184492111206,0.35506778955459595,0.9190076589584351
0,0,0.455741286277771,0.4041694402694702,-0.24334004521369934,0.999991238117218
0,1,0.46637868881225586,0.39470604062080383,-0.21934792399406433,0.9999684691429138
0,2,0.4735559821128845,0.39465731382369995,-0.21942569315433502,0.9999691843986511
0,3,0.48027610778808594,0.39485079050064087,-0.21948117017745972,0.9999697208404541
0,4,0.44754597544670105,0.3947345018386841,-0.21169771254062653,0.9999614357948303
0,5,0.4413928687572479,0.3947548270225525,-0.21162734925746918,0.999954879283905
0,6,0.4361177682876587,0.394948810338974,-0.21158955991268158,0.9999533295631409
0,7,0.490399032831192,0.3989129662513733,-0.052235476672649384,0.9999398589134216
0,8,0.4340269863605499,0.39834097027778625,-0.015841426327824593,0.9998965859413147
0,9,0.4699389636516571,0.41536781191825867,-0.17781704664230347,0.9999909400939941
0,10,0.44759219884872437,0.4150080382823944,-0.16747651994228363,0.9999852180480957
0,11,0.549145519733429,0.4589690864086151,0.014657275751233101,0.9999912977218628
0,12,0.38917189836502075,0.4592485725879669,0.10955248773097992,0.9999575018882751
0,13,0.570838987827301,0.530772864818573,0.0365791842341423,0.9881039261817932
0,14,0.3638109862804413,0.5328218936920166,0.15911373496055603,0.9568980932235718
0,15,0.5786339044570923,0.5970896482467651,-0.14409688115119934,0.9839159250259399
0,16,0.35410329699516296,0.6002919673919678,-0.011240554042160511,0.9520877003669739
0,17,0.5783604383468628,0.621942400932312,-0.20123636722564697,0.9705305099487305
0,18,0.34679752588272095,0.623753547668457,-0.06645409017801285,0.9218114018440247
0,19,0.5659040212631226,0.6194778084754944,-0.25169989466667175,0.9725543856620789
0,20,0.35594674944877625,0.6224226355552673,-0.12478741258382797,0.9266937971115112
0,21,0.5613043904304504,0.6126599907875061,-0.16731293499469757,0.9644032716751099
0,22,0.361255019903183,0.6157931685447693,-0.040325459092855453,0.9158549904823303
0,23,0.5067806243896484,0.6079849004745483,-0.040188588201999664,0.999862015247345
0,24,0.4151284992694855,0.6058717370033264,0.04021613299846649,0.9998250603675842
0,25,0.4982146620750427,0.7188579440116882,-0.16658543050289154,0.9881166815757751
0,26,0.40001440048217773,0.7163761854171753,-0.06879980862140656,0.9665375351905823
0,27,0.4841308891773224,0.8315773010253906,0.10612478852272034,0.9834227561950684
0,28,0.43916329741477966,0.8157815337181091,0.2205258011817932,0.8971886038780212
0,29,0.48399847745895386,0.8421753644943237,0.11833269894123077,0.7902122139930725
0,30,0.449952632188797,0.8246880769729614,0.23611269891262054,0.6817618608474731
0,31,0.4768144190311432,0.8717230558395386,-0.12088681012392044,0.977964460849762
0,32,0.41821324825286865,0.8585931658744812,0.03363657370209694,0.9240548014640808
0,0,0.45368462800979614,0.3999766707420349,-0.19748976826667786,0.9999908208847046
0,1,0.4641607105731964,0.390861839056015,-0.17330726981163025,0.9999667406082153
0,2,0.4714376926422119,0.3909391760826111,-0.17337730526924133,0.999967634677887
0,3,0.4785519242286682,0.3911764323711395,-0.17342506349086761,0.9999684691429138
0,4,0.44527891278266907,0.3909331262111664,-0.16738289594650269,0.9999594688415527
0,5,0.4386940598487854,0.39102956652641296,-0.16731271147727966,0.9999526739120483
0,6,0.4338184595108032,0.3912350535392761,-0.16724848747253418,0.9999517202377319
0,7,0.4887586832046509,0.3952924311161041,-0.008778419345617294,0.9999404549598694
0,8,0.4315059781074524,0.39483532309532166,0.020056314766407013,0.9998937845230103
0,9,0.46830984950065613,0.4113160967826843,-0.13279706239700317,0.9999898672103882
0,10,0.4452649652957916,0.410909503698349,-0.12458871304988861,0.9999834895133972
0,11,0.5482386350631714,0.45478859543800354,0.051550354808568954,0.9999915361404419
0,12,0.3858436942100525,0.45609575510025024,0.13478417694568634,0.9999555945396423
0,13,0.571441650390625,0.5261819362640381,0.05856288969516754,0.9878693222999573
0,14,0.36416545510292053,0.5309856534004211,0.19036215543746948,0.9518876671791077
0,15,0.5718771815299988,0.5914514660835266,-0.11734438687562943,0.9838752150535583
0,16,0.35333114862442017,0.5999523997306824,0.036990560591220856,0.9491068720817566
0,17,0.5691421031951904,0.6161739826202393,-0.1741877943277359,0.9706375002861023
0,18,0.3465119004249573,0.62369304895401,-0.016226861625909805,0.9183707237243652
0,19,0.5563613176345825,0.6127318739891052,-0.22185800969600677,0.9725003242492676
0,20,0.35467883944511414,0.6224180459976196,-0.07218065112829208,0.9234796762466431
0,21,0.5531975626945496,0.6051428914070129,-0.1394871473312378,0.964229166507721
0,22,0.35959163308143616,0.6157106161117554,0.00899189431220293,0.9125967025756836
0,23,0.5060165524482727,0.6031532287597656,-0.0389157272875309,0.9998595714569092
0,24,0.41245877742767334,0.6025121212005615,0.03894175961613655,0.9998205304145813
0,25,0.4986279308795929,0.7182660698890686,-0.14814385771751404,0.9881292581558228
0,26,0.3966732621192932,0.7163079977035522,-0.08241309970617294,0.967376708984375
0,27,0.48404163122177124,0.8318986892700195,0.06649906188249588,0.9833115935325623
0,28,0.4281528890132904,0.8299028277397156,0.11494020372629166,0.9048625826835632
0,29,0.48402139544487,0.8443217873573303,0.07050657272338867,0.7746866345405579
0,30,0.441105455160141,0.842414140701294,0.12070057541131973,0.6913179159164429
0,31,0.47675639390945435,0.8715112805366516,-0.1705980747938156,0.9772424697875977
0,32,0.4000053107738495,0.8725253939628601,-0.08477471768856049,0.9280624389648438
0,0,0.45110592246055603,0.39869117736816406,-0.1711803376674652,0.9999896883964539
0,1,0.4614323377609253,0.38965579867362976,-0.14835502207279205,0.9999619722366333
0,2,0.4684203267097473,0.3897809684276581,-0.14841918647289276,0.9999635219573975
0,3,0.4754476845264435,0.39005300402641296,-0.14844155311584473,0.9999646544456482
0,4,0.44222986698150635,0.38972628116607666,-0.1406814157962799,0.9999550580978394
0,5,0.43569397926330566,0.38993293046951294,-0.14064863324165344,0.9999477863311768
0,6,0.43135061860084534,0.3901863992214203,-0.14062385261058807,0.9999475479125977
0,7,0.4864719808101654,0.3945070505142212,0.002604186302050948,0.9999375343322754
0,8,0.4286850392818451,0.39449355006217957,0.03975112736225128,0.9998828172683716
0,9,0.46518003940582275,0.4096928834915161,-0.11166723072528839,0.9999868869781494
0,10,0.44135624170303345,0.4094241261482239,-0.10112811625003815,0.9999791979789734
0,11,0.5474077463150024,0.4520415961742401,0.04352990537881851,0.9999908804893494
0,12,0.3818652331829071,0.4547294080257416,0.1502089649438858,0.9999499320983887
0,13,0.5732451677322388,0.5247948169708252,0.03889670595526695,0.987985372543335
0,14,0.36491402983665466,0.5300926566123962,0.21201519668102264,0.9463005661964417
0,15,0.5653480291366577,0.5869495272636414,-0.13637825846672058,0.9842390418052673
0,16,0.3533323407173157,0.5997555255889893,0.06408656388521194,0.9467979073524475
0,17,0.558914065361023,0.6104774475097656,-0.19211596250534058,0.9714094996452332
0,18,0.34674474596977234,0.6236265897750854,0.012347010895609856,0.9159119129180908
0,19,0.5438597202301025,0.6063321232795715,-0.2397354543209076,0.9730702638626099
0,20,0.35496973991394043,0.6223334074020386,-0.03908887878060341,0.9211283922195435
0,21,0.5413892865180969,0.5988957285881042,-0.15791268646717072,0.9648919105529785
0,22,0.3597910404205322,0.6156476140022278,0.0382397435605526,0.9103548526763916
0,23,0.5060940980911255,0.6020761132240295,-0.04096974432468414,0.9998263716697693
0,24,0.4117932617664337,0.6018660068511963,0.04104442149400711,0.9997982382774353
0,25,0.4986952841281891,0.7179975509643555,-0.12503258883953094,0.9881387948989868
0,26,0.39168021082878113,0.7177770137786865,-0.06914003193378448,0.9683875441551208
0,27,0.4834149181842804,0.8304629921913147,0.06406738609075546,0.9824342727661133
0,28,0.4076084792613983,0.837976336479187,0.09806255251169205,0.9120515584945679
0,29,0.4818011522293091,0.8428807854652405,0.06909181922674179,0.752957820892334
0,30,0.4236961305141449,0.8527503609657288,0.10058198869228363,0.7022297978401184
0,31,0.47747233510017395,0.8710417151451111,-0.1607513576745987,0.9754468202590942
0,32,0.36964666843414307,0.8788577914237976,-0.09926748275756836,0.9315125942230225
0,0,0.4485414922237396,0.3986278176307678,-0.16954979300498962,0.9999881386756897
0,1,0.4591677784919739,0.3897714912891388,-0.14360322058200836,0.9999561309814453
0,2,0.4657284617424011,0.3898209035396576,-0.14370913803577423,0.9999583959579468
0,3,0.4727323353290558,0.3900747001171112,-0.14376477897167206,0.9999599456787109
0,4,0.43979236483573914,0.39017146825790405,-0.13815172016620636,0.9999499320983887
0,5,0.43345344066619873,0.39040061831474304,-0.13808971643447876,0.999941349029541
0,6,0.42903387546539307,0.39073696732521057,-0.13809481263160706,0.9999409914016724
0,7,0.4839891195297241,0.39447107911109924,0.01792839914560318,0.9999318718910217
0,8,0.42632851004600525,0.3949603736400604,0.04321520775556564,0.9998620748519897
0,9,0.4627477526664734,0.40882328152656555,-0.10647012293338776,0.9999804496765137
0,10,0.43821462988853455,0.4088505506515503,-0.09938715398311615,0.9999697804450989
0,11,0.5459692478179932,0.4498964846134186,0.069157674908638,0.9999884963035583
0,12,0.3796417713165283,0.45530927181243896,0.14596238732337952,0.9999368786811829
0,13,0.5743300914764404,0.5231397747993469,0.053352728486061096,0.98805832862854
0,14,0.36499348282814026,0.5299209356307983,0.21156996488571167,0.9418928623199463
0,15,0.5596667528152466,0.580251932144165,-0.13148674368858337,0.9847410917282104
0,16,0.352906733751297,0.5991602540016174,0.060799382627010345,0.9451416730880737
0,17,0.5512890219688416,0.6037825345993042,-0.19180485606193542,0.9723021388053894
0,18,0.34591901302337646,0.6233733296394348,0.005978339817374945,0.9145655035972595
0,19,0.5333547592163086,0.5994037985801697,-0.24042212963104248,0.9738270044326782
0,20,0.353581964969635,0.6221674680709839,-0.0468682162463665,0.9199070334434509
0,21,0.5299170017242432,0.5922451019287109,-0.1533897966146469,0.9657129645347595
0,22,0.35864967107772827,0.6152538061141968,0.034732330590486526,0.9090077877044678
0,23,0.5061695575714111,0.6003490686416626,-0.03904059901833534,0.9997622966766357
0,24,0.4120866060256958,0.6013613939285278,0.039312224835157394,0.9997654557228088
0,25,0.4986483156681061,0.7179972529411316,-0.12203934043645859,0.9868778586387634
0,26,0.39119952917099,0.7211095690727234,-0.07610393315553665,0.9684319496154785
0,27,0.4836964011192322,0.8317801356315613,0.006973692681640387,0.97855144739151
0,28,0.38884830474853516,0.8511402606964111,0.005573089700192213,0.9181793332099915
0,29,0.48106035590171814,0.8464706540107727,0.006552985403686762,0.7377916574478149
0,30,0.40575724840164185,0.8729928135871887,-0.0007588773733004928,0.7112041115760803
0,31,0.4799279272556305,0.869629979133606,-0.1993112862110138,0.9705178141593933
0,32,0.34371379017829895,0.8741138577461243,-0.21249303221702576,0.9330115914344788
0,0,0.4453667104244232,0.40042608976364136,-0.19279241561889648,0.9999873042106628
0,1,0.45676273107528687,0.3910624384880066,-0.16472157835960388,0.9999529719352722
0,2,0.46348220109939575,0.39112141728401184,-0.16483905911445618,0.9999552369117737
0,3,0.4699938893318176,0.3911147117614746,-0.16489987075328827,0.9999572038650513
0,4,0.43641844391822815,0.39122065901756287,-0.15941499173641205,0.999947726726532
0,5,0.4302406907081604,0.3913465738296509,-0.15934772789478302,0.9999382495880127
0,6,0.42605364322662354,0.39136940240859985,-0.15937186777591705,0.9999381899833679
0,7,0.4815347194671631,0.39527928829193115,0.005029559135437012,0.999926745891571
0,8,0.42287981510162354,0.395477294921875,0.028737876564264297,0.9998485445976257
0,9,0.4600880444049835,0.41036850214004517,-0.127304807305336,0.9999762773513794
0,10,0.4348217844963074,0.4102678596973419,-0.12064371258020401,0.9999653697013855
0,11,0.544508695602417,0.450678288936615,0.0633545070886612,0.9999855756759644
0,12,0.37575793266296387,0.4571019411087036,0.14183783531188965,0.9999284744262695
0,13,0.5748865604400635,0.5232906341552734,0.050416991114616394,0.9881232380867004
0,14,0.3646409511566162,0.5310965776443481,0.2139964997768402,0.9386014342308044
0,15,0.5541319251060486,0.5775830149650574,-0.13993193209171295,0.9852695465087891
0,16,0.3523777723312378,0.6012470126152039,0.05187680572271347,0.9423028826713562
0,17,0.5458179116249084,0.600172221660614,-0.19802889227867126,0.9731572866439819
0,18,0.3455188274383545,0.6253862380981445,-0.004531902726739645,0.9116045832633972
0,19,0.5276724696159363,0.5954416990280151,-0.24698708951473236,0.9745882153511047
0,20,0.35258516669273376,0.6251738667488098,-0.061245184391736984,0.9172327518463135
0,21,0.5244125127792358,0.588588535785675,-0.16227112710475922,0.9664701819419861
0,22,0.3578527867794037,0.6184900403022766,0.024486154317855835,0.9061402678489685
0,23,0.5066856145858765,0.60073322057724,-0.03330587223172188,0.9996891617774963
0,24,0.4125438332557678,0.601993203163147,0.03376675397157669,0.9997555613517761
0,25,0.4982128143310547,0.7200126647949219,-0.07224875688552856,0.9854269623756409
0,26,0.39168253540992737,0.7253470420837402,-0.1507413387298584,0.969323456287384
0,27,0.48401957750320435,0.8345693349838257,0.09484431892633438,0.9732599258422852
0,28,0.3750999867916107,0.856665849685669,-0.0987372025847435,0.9241605401039124
0,29,0.48138299584388733,0.8508102893829346,0.09924805164337158,0.7233687043190002
0,30,0.38730543851852417,0.8805647492408752,-0.10858067870140076,0.7200739979743958
0,31,0.48136740922927856,0.868752658367157,-0.10372667014598846,0.963247537612915
0,32,0.33495137095451355,0.8718678951263428,-0.35031118988990784,0.9347488284111023
0,0,0.4436497986316681,0.4004784822463989,-0.1778031289577484,0.9999873042106628
0,1,0.4551697075366974,0.39110106229782104,-0.14539982378482819,0.9999538660049438
0,2,0.4618437588214874,0.3912356495857239,-0.14556625485420227,0.9999560713768005
0,3,0.468135803937912,0.39118990302085876,-0.14568373560905457,0.9999583959579468
0,4,0.4340057671070099,0.39105841517448425,-0.14106720685958862,0.9999489188194275
0,5,0.4276060461997986,0.3912109136581421,-0.1409800797700882,0.9999391436576843
0,6,0.4232439398765564,0.3911798894405365,-0.14097730815410614,0.9999392628669739
0,7,0.4790925979614258,0.3957102298736572,0.0322173573076725,0.9999290108680725
0,8,0.41883206367492676,0.3957253098487854,0.0520927757024765,0.9998480081558228
0,9,0.45851707458496094,0.4106268882751465,-0.11059708893299103,0.9999746084213257
0,10,0.4320868253707886,0.41033831238746643,-0.10506143420934677,0.9999632835388184
0,11,0.5415865182876587,0.45221734046936035,0.0745924562215805,0.9999838471412659
0,12,0.371794730424881,0.4584195017814636,0.16401360929012299,0.9999127388000488
0,13,0.5746846795082092,0.524824857711792,0.04365844279527664,0.9877665042877197
0,14,0.36025092005729675,0.5316646695137024,0.22330065071582794,0.9266294240951538
0,15,0.5465920567512512,0.5775315165519714,-0.1675381362438202,0.984959065914154
0,16,0.3521001935005188,0.6045118570327759,0.06165102496743202,0.9218961000442505
0,17,0.5387281179428101,0.5998304486274719,-0.23879623413085938,0.9726183414459229
0,18,0.34701332449913025,0.6276827454566956,0.004625001922249794,0.8882982730865479
0,19,0.5207386612892151,0.5945355296134949,-0.2855112552642822,0.9740120768547058
0,20,0.3528401553630829,0.6284526586532593,-0.050667665898799896,0.8951740264892578
0,21,0.5179938673973083,0.5881021022796631,-0.18987220525741577,0.9654096364974976
0,22,0.35809633135795593,0.6211411356925964,0.03394543379545212,0.8839630484580994
0,23,0.5069441199302673,0.6012747287750244,-0.03231138736009598,0.9996506571769714
0,24,0.41212743520736694,0.6022127270698547,0.032881032675504684,0.9997513890266418
0,25,0.4974411427974701,0.7207570672035217,-0.08301392197608948,0.9834648370742798
0,26,0.3893659710884094,0.7275765538215637,-0.17235645651817322,0.9698510766029358
0,27,0.48417043685913086,0.8344271183013916,0.0812981054186821,0.9667128324508667
0,28,0.3666186034679413,0.8589870929718018,-0.13811466097831726,0.9294153451919556
0,29,0.48122721910476685,0.8507876396179199,0.08597244322299957,0.7052814960479736
0,30,0.3740383982658386,0.8845435380935669,-0.15019452571868896,0.7283313274383545
0,31,0.48335760831832886,0.8680119514465332,-0.12555567920207977,0.9544227719306946
0,32,0.3148179054260254,0.8675239682197571,-0.39623549580574036,0.9359750747680664
0,0,0.43818122148513794,0.4008322060108185,-0.15869717299938202,0.9999873638153076
0,1,0.45018383860588074,0.39134758710861206,-0.12893614172935486,0.9999542236328125
0,2,0.4572632312774658,0.3914748728275299,-0.12906414270401,0.9999562501907349
0,3,0.4635431170463562,0.39148566126823425,-0.12914282083511353,0.9999586939811707
0,4,0.42913687229156494,0.39130187034606934,-0.12371981889009476,0.9999504685401917
0,5,0.42349347472190857,0.391478568315506,-0.12365715950727463,0.9999409317970276
0,6,0.41893357038497925,0.3914971351623535,-0.12365980446338654,0.9999412894248962
0,7,0.47557052969932556,0.39642560482025146,0.03186968341469765,0.9999290108680725
0,8,0.41436219215393066,0.3964914083480835,0.05552347004413605,0.9998518228530884
0,9,0.4540497660636902,0.4112851023674011,-0.09820340573787689,0.9999728798866272
0,10,0.42727595567703247,0.41106897592544556,-0.09140727669000626,0.9999625086784363
0,11,0.5385469794273376,0.4535074532032013,0.0675889104604721,0.9999808669090271
0,12,0.36500000953674316,0.45871585607528687,0.14558997750282288,0.999910295009613
0,13,0.5742373466491699,0.5262979865074158,0.04213399440050125,0.9875231385231018
0,14,0.35368263721466064,0.5417184829711914,0.20108380913734436,0.9243219494819641
0,15,0.54227614402771,0.5777368545532227,-0.1614282727241516,0.9847953915596008
0,16,0.34952080249786377,0.6160979866981506,0.06345959007740021,0.9152742624282837
0,17,0.5337653756141663,0.6001189947128296,-0.23192772269248962,0.9724022746086121
0,18,0.34572330117225647,0.6410965323448181,0.011661561205983162,0.8795185089111328
0,19,0.5163015723228455,0.5939381122589111,-0.2691769599914551,0.9737241268157959
0,20,0.3520682752132416,0.6411221623420715,-0.03732525184750557,0.8867830634117126
0,21,0.5138590931892395,0.587600588798523,-0.18054036796092987,0.9648222923278809
0,22,0.35689616203308105,0.6324706077575684,0.03951818495988846,0.875573992729187
0,23,0.5068527460098267,0.6034262776374817,-0.028640886768698692,0.9995911121368408
0,24,0.4104183614253998,0.6065930724143982,0.029181234538555145,0.9997435212135315
0,25,0.49726402759552,0.7228354215621948,-0.07117272913455963,0.982101321220398
0,26,0.3844117224216461,0.7300114035606384,-0.16338063776493073,0.9702937602996826
0,27,0.48430395126342773,0.8350574374198914,0.08027053624391556,0.9611369967460632
0,28,0.3616127371788025,0.8619493246078491,-0.1223878338932991,0.9337368607521057
0,29,0.4812435209751129,0.8524361848831177,0.08431243151426315,0.6903457045555115
0,30,0.3661847710609436,0.8915789723396301,-0.1326640099287033,0.7334734797477722
0,31,0.48389843106269836,0.8675523996353149,-0.11198575794696808,0.9461365938186646
0,32,0.3049947917461395,0.8686000108718872,-0.36115163564682007,0.9360257983207703
0,0,0.432221919298172,0.40048056840896606,-0.19024184346199036,0.9999856948852539
0,1,0.4442528486251831,0.3911329209804535,-0.16219785809516907,0.9999459385871887
0,2,0.45158761739730835,0.39123329520225525,-0.1623031497001648,0.9999476671218872
0,3,0.4581558406352997,0.39131608605384827,-0.1623644232749939,0.9999502301216125
0,4,0.4240882992744446,0.39099663496017456,-0.15681996941566467,0.9999462366104126
0,5,0.41902241110801697,0.39113378524780273,-0.156774640083313,0.9999362826347351
0,6,0.41416582465171814,0.3911767601966858,-0.15679772198200226,0.9999378323554993
0,7,0.4708849787712097,0.3963753283023834,0.002317262813448906,0.9999096393585205
0,8,0.40994301438331604,0.39637938141822815,0.02460642158985138,0.9998326897621155
0,9,0.44863560795783997,0.4111722707748413,-0.12855659425258636,0.999964714050293
0,10,0.42258334159851074,0.4110238254070282,-0.12164915353059769,0.9999568462371826
0,11,0.5353710651397705,0.454473078250885,0.06137639656662941,0.9999733567237854
0,12,0.35819053649902344,0.46050164103507996,0.13699007034301758,0.9999067187309265
0,13,0.5714379549026489,0.5264678597450256,0.011283003725111485,0.9871678352355957
0,14,0.3464428186416626,0.5500049591064453,0.19506068527698517,0.9221470952033997
0,15,0.5380750894546509,0.5794049501419067,-0.1687874048948288,0.9844360947608948
0,16,0.3466276526451111,0.622164785861969,0.035769134759902954,0.9108089804649353
0,17,0.5284950137138367,0.6020876169204712,-0.23203371465206146,0.9716874957084656
0,18,0.3431408405303955,0.6490274667739868,-0.014885284006595612,0.8732702136039734
0,19,0.5118175148963928,0.5959144830703735,-0.27050676941871643,0.9728703498840332
0,20,0.3499462902545929,0.648544430732727,-0.06489183008670807,0.8807812929153442
0,21,0.5097724199295044,0.5892066359519958,-0.18600386381149292,0.9633551239967346
0,22,0.3543693423271179,0.6391621828079224,0.011569827795028687,0.8690240383148193
0,23,0.5042285919189453,0.6088324189186096,-0.028633158653974533,0.9994937777519226
0,24,0.40407177805900574,0.612655758857727,0.029121793806552887,0.9997484683990479
0,25,0.49542513489723206,0.7298851013183594,-0.01062082126736641,0.9820730090141296
0,26,0.3793123662471771,0.7364925742149353,-0.1661560833454132,0.9714449644088745
0,27,0.48436999320983887,0.835490882396698,0.21757300198078156,0.9583658576011658
0,28,0.360772043466568,0.8735787868499756,-0.17171844840049744,0.9385592341423035
0,29,0.4813668727874756,0.8509100675582886,0.22939041256904602,0.6692421436309814
0,30,0.3665452301502228,0.9020448923110962,-0.1887931525707245,0.7395859360694885
0,31,0.4840717911720276,0.8692539930343628,0.04525724798440933,0.9413776993751526
0,32,0.29925304651260376,0.8878468871116638,-0.4303603172302246,0.9382781982421875
0,0,0.42759081721305847,0.4001345634460449,-0.2013259381055832,0.9999839663505554
0,1,0.43920499086380005,0.39090651273727417,-0.17565010488033295,0.9999359846115112
0,2,0.4467436969280243,0.3910157382488251,-0.17576222121715546,0.9999372959136963
0,3,0.4534704089164734,0.391192227602005,-0.17578892409801483,0.999940037727356
0,4,0.41942083835601807,0.39069828391075134,-0.16934262216091156,0.9999402165412903
0,5,0.4144597351551056,0.3907599449157715,-0.16931961476802826,0.9999293088912964
0,6,0.4090830981731415,0.39084392786026,-0.1694847047328949,0.999932050704956
0,7,0.4658786952495575,0.3962004482746124,-0.030444372445344925,0.999884843826294
0,8,0.4043341279029846,0.3963291645050049,-0.0036082612350583076,0.9997998476028442
0,9,0.4437671899795532,0.4108576774597168,-0.1473490595817566,0.9999565482139587
0,10,0.41798853874206543,0.4107467234134674,-0.13943476974964142,0.9999505877494812
0,11,0.5316901803016663,0.4549888074398041,0.013767512515187263,0.999967634677887
0,12,0.3517637252807617,0.4628048837184906,0.09554540365934372,0.999903678894043
0,13,0.5673542022705078,0.5270182490348816,-0.012081057764589787,0.9867738485336304
0,14,0.33899807929992676,0.5512239336967468,0.15586821734905243,0.9200795888900757
0,15,0.5349567532539368,0.5810516476631165,-0.19017742574214935,0.9841188788414001
0,16,0.3422485291957855,0.6239978075027466,0.02838081307709217,0.9045022130012512
0,17,0.5275916457176208,0.603817343711853,-0.24714769423007965,0.97105473279953
0,18,0.3390865623950958,0.6516035795211792,-0.02491074986755848,0.8650499582290649
0,19,0.5097410678863525,0.5983433127403259,-0.28992611169815063,0.9721073508262634
0,20,0.34617137908935547,0.649982750415802,-0.07886334508657455,0.8729565143585205
0,21,0.5064865946769714,0.5915131568908691,-0.2077096849679947,0.9621259570121765
0,22,0.3503160774707794,0.6404471397399902,0.007590143941342831,0.8604154586791992
0,23,0.49964115023612976,0.6134328246116638,-0.028759052976965904,0.9994502067565918
0,24,0.398023784160614,0.6177484393119812,0.029192866757512093,0.9997621178627014
0,25,0.4914301931858063,0.7334914803504944,0.0010622994741424918,0.9816977381706238
0,26,0.37551334500312805,0.7411569356918335,-0.1775781661272049,0.9723322987556458
0,27,0.4838123917579651,0.8351312875747681,0.31675469875335693,0.9523131251335144
0,28,0.3577503561973572,0.8840794563293457,-0.20188778638839722,0.9426600337028503
0,29,0.48000040650367737,0.8477779030799866,0.3387380540370941,0.6385487914085388
0,30,0.3650762736797333,0.9124943017959595,-0.22020088136196136,0.7397890686988831
0,31,0.4845659136772156,0.8704673647880554,0.17290641367435455,0.934140682220459
0,32,0.3069724440574646,0.9047605395317078,-0.46382105350494385,0.9403209686279297
0,0,0.4202878177165985,0.40015748143196106,-0.24054042994976044,0.9999793767929077
0,1,0.4322130084037781,0.390533447265625,-0.21539807319641113,0.999913215637207
0,2,0.4405241012573242,0.3905715048313141,-0.21552465856075287,0.9999132752418518
0,3,0.44759443402290344,0.39075130224227905,-0.2155250906944275,0.99991774559021
0,4,0.4127984642982483,0.3905980587005615,-0.21017462015151978,0.9999222755432129
0,5,0.4079280197620392,0.3907211720943451,-0.21014481782913208,0.9999063611030579
0,6,0.4018688201904297,0.39091813564300537,-0.2102992683649063,0.9999122023582458
0,7,0.46074986457824707,0.39552101492881775,-0.06748636811971664,0.999836266040802
0,8,0.3985845446586609,0.3960944414138794,-0.04275115951895714,0.9996922016143799
0,9,0.43707966804504395,0.4109514355659485,-0.1841716170310974,0.9999412298202515
0,10,0.41170623898506165,0.41096073389053345,-0.1771857589483261,0.9999345541000366
0,11,0.5276896357536316,0.45540228486061096,-0.030111823230981827,0.9999610185623169
0,12,0.34558358788490295,0.4639061391353607,0.05942188948392868,0.9998868107795715
0,13,0.5605425238609314,0.5275736451148987,-0.051782701164484024,0.9860624074935913
0,14,0.33466777205467224,0.5537787079811096,0.11815573275089264,0.9139947295188904
0,15,0.5310224890708923,0.5813281536102295,-0.2339581996202469,0.9834669232368469
0,16,0.3369579315185547,0.6288890838623047,-0.010395861230790615,0.8927766680717468
0,17,0.5255548357963562,0.6061977744102478,-0.28853392601013184,0.9700065851211548
0,18,0.3315446376800537,0.6577486395835876,-0.05150739103555679,0.8511166572570801
0,19,0.5066947340965271,0.5997353792190552,-0.3326801359653473,0.970916211605072
0,20,0.33807268738746643,0.6559047102928162,-0.10267080366611481,0.8599324822425842
0,21,0.5022059082984924,0.5923044681549072,-0.25181248784065247,0.9606454372406006
0,22,0.3428806662559509,0.6459413766860962,-0.03165707364678383,0.8478853106498718
0,23,0.49398788809776306,0.6169383525848389,-0.02926911599934101,0.9993979930877686
0,24,0.39029645919799805,0.6220746636390686,0.029595792293548584,0.9997691512107849
0,25,0.48774421215057373,0.7356237173080444,0.006530777085572481,0.9810659289360046
0,26,0.3708786368370056,0.7467100620269775,-0.15491388738155365,0.972862958908081
0,27,0.48319515585899353,0.8306636214256287,0.37522438168525696,0.9473763108253479
0,28,0.35654976963996887,0.8907486796379089,-0.13554643094539642,0.9460702538490295
0,29,0.4790572226047516,0.8398236632347107,0.40261733531951904,0.6080848574638367
0,30,0.3666127920150757,0.919474184513092,-0.14933976531028748,0.7380276918411255
0,31,0.4850265383720398,0.8723508715629578,0.23834459483623505,0.927998960018158
0,32,0.3098507523536682,0.9207541942596436,-0.38640835881233215,0.9413973689079285
0,0,0.41413748264312744,0.3989213705062866,-0.2750151455402374,0.9999755024909973
0,1,0.4255603551864624,0.38847124576568604,-0.25114840269088745,0.9998935461044312
0,2,0.43385761976242065,0.3884526193141937,-0.25126326084136963,0.9998918771743774
0,3,0.44135022163391113,0.3886669874191284,-0.25130486488342285,0.9998975396156311
0,4,0.40674692392349243,0.3890317678451538,-0.24444054067134857,0.9999064803123474
0,5,0.4016939699649811,0.3893539607524872,-0.24441823363304138,0.9998862147331238
0,6,0.3952066898345947,0.38978052139282227,-0.24455712735652924,0.9998952746391296
0,7,0.4546191394329071,0.3936096131801605,-0.09519349038600922,0.9997997879981995
0,8,0.3924334645271301,0.3951321840286255,-0.06383106857538223,0.9996064901351929
0,9,0.4310530722141266,0.40967440605163574,-0.21347469091415405,0.9999333024024963
0,10,0.4065290689468384,0.4100129008293152,-0.20481717586517334,0.999926745891571
0,11,0.5243015885353088,0.4551584720611572,-0.04183616489171982,0.9999570846557617
0,12,0.3394995927810669,0.46394863724708557,0.05341864749789238,0.999884307384491
0,13,0.5574870705604553,0.5280075073242188,-0.04282820224761963,0.9858910441398621
0,14,0.32446593046188354,0.5523989796638489,0.12154172360897064,0.9128668904304504
0,15,0.5294055938720703,0.5856589674949646,-0.22687385976314545,0.9830711483955383
0,16,0.32368239760398865,0.6291471719741821,-0.016662918031215668,0.8896994590759277
0,17,0.5258826017379761,0.6121078729629517,-0.28210148215293884,0.9692818522453308
0,18,0.3205733597278595,0.6565804481506348,-0.05702914670109749,0.8470186591148376
0,19,0.5065264701843262,0.60579913854599,-0.32954660058021545,0.9700667262077332
0,20,0.3287438452243805,0.6550949811935425,-0.1087641492486,0.8562179803848267
0,21,0.5014908313751221,0.5979388356208801,-0.24582204222679138,0.9595699310302734
0,22,0.333877831697464,0.6452962160110474,-0.03872992843389511,0.8436400890350342
0,23,0.48908641934394836,0.621269702911377,-0.02955535240471363,0.9993740916252136
0,24,0.38664859533309937,0.6257151365280151,0.029813334345817566,0.9997802972793579
0,25,0.48700329661369324,0.7394496202468872,-0.010137869976460934,0.9804795980453491
0,26,0.367715448141098,0.7509375810623169,-0.15907920897006989,0.9737365245819092
0,27,0.4832233786582947,0.8261616826057434,0.43166762590408325,0.9387652277946472
0,28,0.3508109748363495,0.8992260098457336,-0.13280025124549866,0.9491442441940308
0,29,0.4790370464324951,0.8335873484611511,0.4674893319606781,0.5771303772926331
0,30,0.3668642044067383,0.9302710890769958,-0.14526472985744476,0.7354915738105774
0,31,0.48546478152275085,0.871914267539978,0.3107258379459381,0.9182282090187073
0,32,0.3039422035217285,0.9359990954399109,-0.39053234457969666,0.942318856716156
0,0,0.41196975111961365,0.3953036665916443,-0.2683177590370178,0.9999749660491943
0,1,0.4234209358692169,0.3848794400691986,-0.23984669148921967,0.9998896718025208
0,2,0.43151992559432983,0.38483718037605286,-0.23996615409851074,0.9998863935470581
0,3,0.43888169527053833,0.38503533601760864,-0.2400132715702057,0.9998928904533386
0,4,0.403129518032074,0.38538840413093567,-0.2333972156047821,0.9999052286148071
0,5,0.398129940032959,0.3855602443218231,-0.2333555966615677,0.9998847246170044
0,6,0.3914206326007843,0.3860411047935486,-0.23342348635196686,0.9998952746391296
0,7,0.45118632912635803,0.3903076648712158,-0.08116509020328522,0.9997906684875488
0,8,0.38634228706359863,0.3916415572166443,-0.05484814569354057,0.9996041059494019
0,9,0.42814815044403076,0.40707075595855713,-0.2034579962491989,0.999933123588562
0,10,0.4027895927429199,0.40758317708969116,-0.19474981725215912,0.9999277591705322
0,11,0.518745481967926,0.45297130942344666,-0.02779151313006878,0.9999549388885498
0,12,0.3321191072463989,0.46204736828804016,0.04524324834346771,0.9998886585235596
0,13,0.5547245740890503,0.5282935500144958,-0.033512018620967865,0.9856818318367004
0,14,0.31557369232177734,0.5511056184768677,0.10191348940134048,0.9150023460388184
0,15,0.5322344303131104,0.5920668244361877,-0.17418406903743744,0.982883095741272
0,16,0.313493937253952,0.6286178827285767,-0.027203356847167015,0.8922291994094849
0,17,0.5289271473884583,0.6190391778945923,-0.21822577714920044,0.9688990712165833
0,18,0.31132811307907104,0.6547902822494507,-0.06732707470655441,0.8494187593460083
0,19,0.5099706053733826,0.6142016649246216,-0.2654479742050171,0.9695894718170166
0,20,0.3189661502838135,0.6541250944137573,-0.11735531687736511,0.8586909770965576
0,21,0.5048602819442749,0.6065009832382202,-0.19217029213905334,0.9591495394706726
0,22,0.32384970784187317,0.6450056433677673,-0.04908299818634987,0.8465077877044678
0,23,0.4881621301174164,0.619343101978302,-0.02885439805686474,0.9993428587913513
0,24,0.38476645946502686,0.6233549118041992,0.02898433804512024,0.9997860789299011
0,25,0.486479252576828,0.7374032139778137,-0.02675721049308777,0.9802581667900085
0,26,0.3593818247318268,0.7498028874397278,-0.14980322122573853,0.9742740988731384
0,27,0.4831455647945404,0.8232478499412537,0.3744103014469147,0.9285553097724915
0,28,0.3453347682952881,0.9020548462867737,-0.10130268335342407,0.9516684412956238
0,29,0.4790790379047394,0.8295543193817139,0.4068605303764343,0.5420865416526794
0,30,0.36465954780578613,0.9260978698730469,-0.1114364042878151,0.7290706038475037
0,31,0.4854622483253479,0.8715593218803406,0.26685959100723267,0.9075316786766052
0,32,0.30521443486213684,0.9441373348236084,-0.3404456377029419,0.9429115056991577
0,0,0.4070607125759125,0.39016586542129517,-0.2408706247806549,0.9999751448631287
0,1,0.41885676980018616,0.37993645668029785,-0.22054161131381989,0.9998896718025208
0,2,0.4269598424434662,0.3798641860485077,-0.220598042011261,0.9998854994773865
0,3,0.4344766438007355,0.38009363412857056,-0.2206074744462967,0.9998923540115356
0,4,0.3972620964050293,0.3801918625831604,-0.21535083651542664,0.9999067783355713
0,5,0.39230865240097046,0.3802698850631714,-0.2153734564781189,0.9998871088027954
0,6,0.38552218675613403,0.38058048486709595,-0.2155151069164276,0.9998984336853027
0,7,0.4466080665588379,0.38525110483169556,-0.0742257684469223,0.9997883439064026
0,8,0.37962841987609863,0.3862212896347046,-0.04962142929434776,0.9996124505996704
0,9,0.42397573590278625,0.40302616357803345,-0.1869860589504242,0.9999337792396545
0,10,0.39695292711257935,0.4032311737537384,-0.18066337704658508,0.9999296069145203
0,11,0.5145970582962036,0.44963181018829346,-0.027216145768761635,0.9999523162841797
0,12,0.3222103714942932,0.459312379360199,0.029074672609567642,0.9998941421508789
0,13,0.5518643260002136,0.5285019278526306,-0.025188980624079704,0.9856638312339783
0,14,0.30514201521873474,0.5508584976196289,0.07131025195121765,0.918427586555481
0,15,0.53382807970047,0.5987789630889893,-0.1509334146976471,0.9828893542289734
0,16,0.29717639088630676,0.6267679333686829,-0.046604424715042114,0.8964911103248596
0,17,0.5307125449180603,0.6250463724136353,-0.19256652891635895,0.9687768816947937
0,18,0.2937217056751251,0.6521369218826294,-0.08661819249391556,0.8543763756752014
0,19,0.5122453570365906,0.6214169263839722,-0.23671609163284302,0.9693872928619385
0,20,0.3032483458518982,0.6516315937042236,-0.13381466269493103,0.8635304570198059
0,21,0.5073488354682922,0.6146801114082336,-0.16761040687561035,0.9592186808586121
0,22,0.30909961462020874,0.6430977582931519,-0.06780785322189331,0.8519385457038879
0,23,0.48571109771728516,0.6183058619499207,-0.026923686265945435,0.9993041753768921
0,24,0.37808486819267273,0.622613787651062,0.026889529079198837,0.9997920393943787
0,25,0.4864529073238373,0.7358715534210205,0.02795608900487423,0.9802455902099609
0,26,0.3522558808326721,0.7513777613639832,-0.11653459072113037,0.9751183986663818
0,27,0.48530083894729614,0.8192534446716309,0.411302387714386,0.9232094287872314
0,28,0.34291550517082214,0.9035930037498474,-0.08084505796432495,0.9540991187095642
0,29,0.48387137055397034,0.82332843542099,0.44231173396110535,0.5167766809463501
0,30,0.3614444136619568,0.9215280413627625,-0.09017232805490494,0.7230420112609863
0,31,0.4858335554599762,0.8712332844734192,0.3104967176914215,0.901252806186676
0,32,0.3102784752845764,0.9500690698623657,-0.3124150335788727,0.9434808492660522
0,0,0.4007670283317566,0.3849196434020996,-0.2402777373790741,0.9999762773513794
0,1,0.4131615161895752,0.3743157982826233,-0.21967940032482147,0.9998946189880371
0,2,0.42142578959465027,0.3743535280227661,-0.2197461724281311,0.9998898506164551
0,3,0.42902275919914246,0.3746214509010315,-0.21976295113563538,0.9998966455459595
0,4,0.39083224534988403,0.37459784746170044,-0.21445520222187042,0.9999115467071533
0,5,0.3863757848739624,0.37473922967910767,-0.214466854929924,0.9998928308486938
0,6,0.37966030836105347,0.3749896287918091,-0.21459290385246277,0.9999040961265564
0,7,0.44157159328460693,0.37983861565589905,-0.07390820980072021,0.9997966289520264
0,8,0.37411895394325256,0.3806129992008209,-0.05263794586062431,0.9996337294578552
0,9,0.4181462824344635,0.3982023298740387,-0.1856662929058075,0.9999372363090515
0,10,0.3907230794429779,0.398128867149353,-0.1790844202041626,0.9999338388442993
0,11,0.5091492533683777,0.4461086392402649,-0.02443869039416313,0.9999521970748901
0,12,0.3151795566082001,0.4550042748451233,0.01856549270451069,0.9999008774757385
0,13,0.5501486659049988,0.5276035070419312,-0.012521752156317234,0.9857507348060608
0,14,0.2959398627281189,0.5477306842803955,0.057246264070272446,0.9217844605445862
0,15,0.5346001982688904,0.6006121635437012,-0.1271262913942337,0.9831079244613647
0,16,0.2876082956790924,0.6253962516784668,-0.05517813563346863,0.9006134271621704
0,17,0.5323614478111267,0.6278037428855896,-0.16701412200927734,0.9690027832984924
0,18,0.2842264771461487,0.6506850719451904,-0.09390843659639359,0.8590453863143921
0,19,0.5152506232261658,0.6252090930938721,-0.2135145217180252,0.9695278406143188
0,20,0.2955339848995209,0.650081217288971,-0.13993386924266815,0.867959201335907
0,21,0.5092763304710388,0.61917644739151,-0.1446571946144104,0.9597442150115967
0,22,0.3006554841995239,0.6416170001029968,-0.07566515356302261,0.856926679611206
0,23,0.4807584881782532,0.6176291704177856,-0.01881638914346695,0.9993094205856323
0,24,0.3713172674179077,0.6218906044960022,0.01861112006008625,0.9998019337654114
0,25,0.48656848073005676,0.7358995676040649,0.013091673143208027,0.9802119731903076
0,26,0.3488006293773651,0.7542868852615356,-0.1153758093714714,0.9760596752166748
0,27,0.48583751916885376,0.8126617074012756,0.44288602471351624,0.9162083268165588
0,28,0.34331196546554565,0.9066576361656189,-0.06781383603811264,0.956525981426239
0,29,0.4839782118797302,0.8161228895187378,0.47960609197616577,0.4969403147697449
0,30,0.3617698848247528,0.9227022528648376,-0.07546573877334595,0.7186326384544373
0,31,0.4864056408405304,0.8698275685310364,0.36132901906967163,0.8931429982185364
0,32,0.31241804361343384,0.9535006880760193,-0.2978868782520294,0.9442477822303772
0,0,0.39734482765197754,0.37824973464012146,-0.28503119945526123,0.9999771118164062
0,1,0.40935006737709045,0.36724865436553955,-0.2615315914154053,0.9998987317085266
0,2,0.4177078902721405,0.3673812448978424,-0.26158642768859863,0.999893069267273
0,3,0.4249741733074188,0.3676326870918274,-0.26161959767341614,0.9998992681503296
0,4,0.3859025537967682,0.3671342134475708,-0.25878337025642395,0.9999156594276428
0,5,0.380813330411911,0.36730891466140747,-0.2587929964065552,0.999897837638855
0,6,0.3747134208679199,0.367399126291275,-0.25889578461647034,0.9999088048934937
0,7,0.43669745326042175,0.37342411279678345,-0.09845557063817978,0.9998022317886353
0,8,0.36836594343185425,0.373329758644104,-0.08849646151065826,0.9996548295021057
0,9,0.41446831822395325,0.39205873012542725,-0.22061608731746674,0.9999405741691589
0,10,0.38627901673316956,0.3912302255630493,-0.21794924139976501,0.9999380111694336
0,11,0.5055363774299622,0.4424527883529663,-0.020947737619280815,0.9999502301216125
0,12,0.30828145146369934,0.45043906569480896,-0.007871992886066437,0.9999074339866638
0,13,0.5483750700950623,0.5262993574142456,0.037014156579971313,0.9851266145706177
0,14,0.2873104214668274,0.5431647300720215,0.03810629993677139,0.9258344769477844
0,15,0.5367817282676697,0.6027814745903015,-0.09246079623699188,0.98248690366745
0,16,0.2767788767814636,0.6251333355903625,-0.07878853380680084,0.9056501984596252
0,17,0.5395730137825012,0.6308968663215637,-0.12956218421459198,0.967901885509491
0,18,0.27234378457069397,0.6491362452507019,-0.11773958057165146,0.8652672171592712
0,19,0.5231097340583801,0.6285271048545837,-0.18493607640266418,0.9683446884155273
0,20,0.2863325774669647,0.6489779949188232,-0.16499198973178864,0.873778760433197
0,21,0.5166224837303162,0.6223070621490479,-0.11390304565429688,0.958783745765686
0,22,0.2921895682811737,0.6415014863014221,-0.09916963428258896,0.8629413843154907
0,23,0.47893643379211426,0.6174010038375854,-0.004408376291394234,0.9993318915367126
0,24,0.3658890724182129,0.621370792388916,0.0041776602156460285,0.9998140335083008
0,25,0.4867144823074341,0.7396066188812256,-0.01023177057504654,0.9805605411529541
0,26,0.34545469284057617,0.7562955021858215,-0.14285889267921448,0.9773877859115601
0,27,0.4861767888069153,0.8103680610656738,0.48331430554389954,0.9089475274085999
0,28,0.342684268951416,0.9077966809272766,-0.06893746554851532,0.959388017654419
0,29,0.4832368791103363,0.8149554133415222,0.5293612480163574,0.48596784472465515
0,30,0.35925227403640747,0.9256142973899841,-0.07410923391580582,0.7188402414321899
0,31,0.49196624755859375,0.8699743151664734,0.4223994314670563,0.884023904800415
0,32,0.30826881527900696,0.9572909474372864,-0.30524277687072754,0.945959210395813
0,0,0.39600294828414917,0.37348198890686035,-0.29772332310676575,0.9999786019325256
0,1,0.407657653093338,0.3622996211051941,-0.2736724615097046,0.9999051690101624
0,2,0.4156763255596161,0.36225029826164246,-0.27370986342430115,0.9998992085456848
0,3,0.4233166575431824,0.36252179741859436,-0.2737247943878174,0.9999046325683594
0,4,0.3836972117424011,0.36221063137054443,-0.27158427238464355,0.9999212622642517
0,5,0.3770782947540283,0.3623366355895996,-0.27158600091934204,0.9999047517776489
0,6,0.3719019889831543,0.3624120056629181,-0.2716694474220276,0.9999150037765503
0,7,0.4339072108268738,0.3678453266620636,-0.10410106182098389,0.9998127818107605
0,8,0.3653564453125,0.3676896393299103,-0.09787514060735703,0.9996812343597412
0,9,0.4124791920185089,0.3868814706802368,-0.2301010638475418,0.9999447464942932
0,10,0.3843422532081604,0.3858591318130493,-0.2285374253988266,0.9999428391456604
0,11,0.5037456154823303,0.4383575916290283,-0.011795686557888985,0.9999507069587708
0,12,0.30409735441207886,0.4447743892669678,-0.017892850562930107,0.9999145269393921
0,13,0.546811580657959,0.5238776206970215,0.079130619764328,0.9847396016120911
0,14,0.2773011028766632,0.5375586748123169,0.025272924453020096,0.9306407570838928
0,15,0.5476027131080627,0.60396808385849,-0.042936909943819046,0.9826332926750183
0,16,0.265556663274765,0.6202435493469238,-0.0932854413986206,0.9121604561805725
0,17,0.5554057359695435,0.6324342489242554,-0.075599804520607,0.9681033492088318
0,18,0.25923770666122437,0.6441251039505005,-0.13279803097248077,0.8737239837646484
0,19,0.5410065054893494,0.6305680871009827,-0.136341392993927,0.9685071706771851
0,20,0.27431249618530273,0.6438919901847839,-0.18372592329978943,0.8817065358161926
0,21,0.5336971879005432,0.6245105862617493,-0.06656419485807419,0.9593470096588135
0,22,0.2821262776851654,0.6377527713775635,-0.11510156095027924,0.8712855577468872
0,23,0.47803688049316406,0.6167954206466675,0.003351394785568118,0.9993734359741211
0,24,0.3614032566547394,0.6201943755149841,-0.0036223114002496004,0.9998274445533752
0,25,0.4869112968444824,0.7388340830802917,-0.027094008401036263,0.9813362956047058
0,26,0.34588173031806946,0.7560971975326538,-0.14518795907497406,0.9787487387657166
0,27,0.48646655678749084,0.8127367496490479,0.4755133092403412,0.9091993570327759
0,28,0.3437725603580475,0.9052699208259583,-0.048039283603429794,0.9623463153839111
0,29,0.4822002947330475,0.8188048601150513,0.5205813646316528,0.4875679016113281
0,30,0.3595840036869049,0.9232615828514099,-0.04847383126616478,0.72230464220047
0,31,0.4989071190357208,0.8752902150154114,0.4027996361255646,0.8841599225997925
0,32,0.3085983395576477,0.9609978795051575,-0.29235562682151794,0.9486795663833618
0,0,0.3964604139328003,0.36880719661712646,-0.2836412489414215,0.9999803900718689
0,1,0.40763503313064575,0.3567708432674408,-0.2591010630130768,0.9999129772186279
0,2,0.41579654812812805,0.35674238204956055,-0.2591679096221924,0.9999072551727295
0,3,0.4236266016960144,0.35694190859794617,-0.259203165769577,0.9999120831489563
0,4,0.3833560049533844,0.35685500502586365,-0.2556806206703186,0.9999278783798218
0,5,0.3753485381603241,0.35686346888542175,-0.2556726038455963,0.9999127984046936
0,6,0.36967429518699646,0.3570409417152405,-0.25575006008148193,0.9999222159385681
0,7,0.43261411786079407,0.362041711807251,-0.09969772398471832,0.9998269081115723
0,8,0.36316168308258057,0.36180785298347473,-0.08582793176174164,0.9997096061706543
0,9,0.41245272755622864,0.38233673572540283,-0.22136516869068146,0.9999491572380066
0,10,0.3841841518878937,0.3820384740829468,-0.2149510532617569,0.9999477863311768
0,11,0.5024184584617615,0.4344244599342346,0.013466955162584782,0.9999520182609558
0,12,0.3004681169986725,0.439456582069397,-0.009118258953094482,0.9999213814735413
0,13,0.5449355244636536,0.5211929082870483,0.09390902519226074,0.9840701222419739
0,14,0.268863707780838,0.5320694446563721,0.028488419950008392,0.9352490305900574
0,15,0.556587278842926,0.6030610203742981,-0.029317446053028107,0.9826862215995789
0,16,0.25786152482032776,0.6119245886802673,-0.08892586827278137,0.918042004108429
0,17,0.565989077091217,0.6321776509284973,-0.06266847252845764,0.9681589007377625
0,18,0.2510002851486206,0.6357596516609192,-0.1277313381433487,0.8813831210136414
0,19,0.5516824126243591,0.6308261156082153,-0.12131574004888535,0.968533992767334
0,20,0.2649029493331909,0.6353678107261658,-0.1773684173822403,0.8889005780220032
0,21,0.544309139251709,0.6244730949401855,-0.052548814564943314,0.9597480893135071
0,22,0.27361345291137695,0.6285943984985352,-0.1101941242814064,0.8789275884628296
0,23,0.47737640142440796,0.6147571802139282,0.006517237517982721,0.9994087815284729
0,24,0.3591609001159668,0.6173162460327148,-0.006817635614424944,0.9998388886451721
0,25,0.4878315031528473,0.7380931377410889,-0.012165199965238571,0.9823213219642639
0,26,0.34504035115242004,0.7546705007553101,-0.14420276880264282,0.9801821112632751
0,27,0.4864724576473236,0.8216536641120911,0.44012314081192017,0.9138326644897461
0,28,0.3449329733848572,0.9060566425323486,-0.061457496136426926,0.9653199315071106
0,29,0.4809539318084717,0.8274034857749939,0.4773378074169159,0.5003134608268738
0,30,0.359881728887558,0.9249250292778015,-0.06516287475824356,0.7275809049606323
0,31,0.5079750418663025,0.886749267578125,0.35032233595848083,0.8896362781524658
0,32,0.30851978063583374,0.9638144373893738,-0.30833160877227783,0.9518532752990723
0,0,0.39394548535346985,0.36270350217819214,-0.23696570098400116,0.9999821782112122
0,1,0.4050455391407013,0.350364625453949,-0.21714499592781067,0.9999209046363831
0,2,0.4134480059146881,0.3503720760345459,-0.21714691817760468,0.999915599822998
0,3,0.42157405614852905,0.35060152411460876,-0.2171354740858078,0.9999199509620667
0,4,0.38115665316581726,0.35052403807640076,-0.2143286019563675,0.9999344944953918
0,5,0.37284836173057556,0.35050660371780396,-0.21428710222244263,0.9999207854270935
0,6,0.3665543794631958,0.35073772072792053,-0.21428529918193817,0.9999293684959412
0,7,0.4306166470050812,0.35577550530433655,-0.06507349759340286,0.9998422265052795
0,8,0.3614065647125244,0.3553708791732788,-0.05845396965742111,0.9997368454933167
0,9,0.4101827144622803,0.37618085741996765,-0.17556801438331604,0.9999536871910095
0,10,0.3818654417991638,0.3759303689002991,-0.1727713644504547,0.9999525547027588
0,11,0.5024069547653198,0.430006206035614,0.024547705426812172,0.9999542832374573
0,12,0.29835596680641174,0.4337752163410187,0.0039053885266184807,0.9999277591705322
0,13,0.5443495512008667,0.5189187526702881,0.0888466164469719,0.9836189150810242
0,14,0.26432114839553833,0.5254803895950317,0.042890988290309906,0.9392887353897095
0,15,0.5658095479011536,0.6022590398788452,-0.020764559507369995,0.9829015731811523
0,16,0.2535027265548706,0.6051514148712158,-0.07646728307008743,0.9230831265449524
0,17,0.5765697360038757,0.6312137842178345,-0.054644688963890076,0.9685074687004089
0,18,0.24510981142520905,0.6312807202339172,-0.11671490967273712,0.8879631161689758
0,19,0.5612404942512512,0.6300730109214783,-0.11137513071298599,0.9688670039176941
0,20,0.25854846835136414,0.630237877368927,-0.1667010486125946,0.8950676321983337
0,21,0.5534319877624512,0.6236886978149414,-0.04310837388038635,0.960496187210083
0,22,0.2690200209617615,0.6221012473106384,-0.09828108549118042,0.8856565356254578
0,23,0.47739318013191223,0.6131515502929688,0.003812850220128894,0.9994433522224426
0,24,0.3576480746269226,0.6154547929763794,-0.004109684843569994,0.9998480677604675
0,25,0.491404265165329,0.7378302216529846,-0.01557440496981144,0.983396053314209
0,26,0.34451907873153687,0.7546849250793457,-0.1318615972995758,0.9815050959587097
0,27,0.4867011308670044,0.8386340141296387,0.42714646458625793,0.9192045331001282
0,28,0.3452602028846741,0.9083751440048218,-0.06109876558184624,0.9680128693580627
0,29,0.4809596538543701,0.8461911678314209,0.4659562408924103,0.5147587060928345
0,30,0.3602783679962158,0.9269514679908752,-0.06504050642251968,0.7317028045654297
0,31,0.5146464109420776,0.9022891521453857,0.3041650056838989,0.896233856678009
0,32,0.3080827593803406,0.9675076007843018,-0.30534976720809937,0.9548574090003967
0,0,0.39335277676582336,0.35810571908950806,-0.22806060314178467,0.9999838471412659
0,1,0.4052174687385559,0.3456968069076538,-0.20833829045295715,0.9999282360076904
0,2,0.4138067960739136,0.3458540737628937,-0.20833471417427063,0.9999234080314636
0,3,0.4216497540473938,0.3460758924484253,-0.20832766592502594,0.9999273419380188
0,4,0.3806985318660736,0.3458980321884155,-0.20649197697639465,0.9999405741691589
0,5,0.3724230229854584,0.34612515568733215,-0.20642201602458954,0.9999281167984009
0,6,0.3649047613143921,0.3465137183666229,-0.2063816636800766,0.9999359250068665
0,7,0.4307347238063812,0.35153332352638245,-0.055544350296258926,0.9998565316200256
0,8,0.35966187715530396,0.3515720069408417,-0.05263238400220871,0.9997618198394775
0,9,0.4101347029209137,0.37197959423065186,-0.16625291109085083,0.9999579191207886
0,10,0.38068971037864685,0.3723163902759552,-0.1648358404636383,0.9999569654464722
0,11,0.5026371479034424,0.42651790380477905,0.027198540046811104,0.9999568462371826
0,12,0.2978138327598572,0.42866477370262146,0.009147164411842823,0.9999333620071411
0,13,0.5445643067359924,0.5180073380470276,0.08627498149871826,0.9831044673919678
0,14,0.2590159475803375,0.5189718008041382,0.0490889810025692,0.9435474872589111
0,15,0.5721099972724915,0.6017249822616577,-0.01824829913675785,0.9828395843505859
0,16,0.24846678972244263,0.5952503085136414,-0.07062949985265732,0.9285062551498413
0,17,0.5828361511230469,0.6305001378059387,-0.052305907011032104,0.9683979749679565
0,18,0.241808220744133,0.6229366660118103,-0.1114933118224144,0.8950913548469543
0,19,0.5670358538627625,0.6292792558670044,-0.10810911655426025,0.9687573313713074
0,20,0.2583973705768585,0.6215304732322693,-0.161688432097435,0.9017115831375122
0,21,0.5593968629837036,0.6229647994041443,-0.041038863360881805,0.960814893245697
0,22,0.268100768327713,0.6120131015777588,-0.09251615405082703,0.892945408821106
0,23,0.4770495891571045,0.609027624130249,0.004064048640429974,0.999468982219696
0,24,0.35519394278526306,0.6103746891021729,-0.004430180881172419,0.9998465776443481
0,25,0.496921181678772,0.7379517555236816,-0.05232292413711548,0.9842259287834167
0,26,0.34572380781173706,0.7541245222091675,-0.11581186205148697,0.9821839928627014
0,27,0.49213114380836487,0.860075056552887,0.20607182383537292,0.9251698851585388
0,28,0.3457900285720825,0.9091572761535645,-0.023021701723337173,0.9701385498046875
0,29,0.4839835464954376,0.8683528900146484,0.22213488817214966,0.5265474319458008
0,30,0.36140885949134827,0.9278889894485474,-0.025999417528510094,0.729465901851654
0,31,0.5259945392608643,0.9243944883346558,0.05189087241888046,0.9037730097770691
0,32,0.30844181776046753,0.9693304896354675,-0.25906988978385925,0.9574456214904785
0,0,0.39374351501464844,0.35404056310653687,-0.17767062783241272,0.9999852776527405
0,1,0.40619853138923645,0.342354416847229,-0.15460531413555145,0.9999347925186157
0,2,0.41487762331962585,0.3425289988517761,-0.15463778376579285,0.9999304413795471
0,3,0.4224391579627991,0.34281113743782043,-0.15466131269931793,0.9999340176582336
0,4,0.3814167082309723,0.34265464544296265,-0.15393872559070587,0.9999459385871887
0,5,0.3730609714984894,0.3429199457168579,-0.15382622182369232,0.9999346733093262
0,6,0.36474889516830444,0.34347203373908997,-0.1536962389945984,0.9999417662620544
0,7,0.43157804012298584,0.34888097643852234,0.0031886014621704817,0.9998692870140076
0,8,0.35884273052215576,0.34885063767433167,0.0022469309624284506,0.9997842311859131
0,9,0.41080889105796814,0.3675885498523712,-0.11530564725399017,0.9999614953994751
0,10,0.3800373673439026,0.36837151646614075,-0.11529901623725891,0.999960720539093
0,11,0.5034772753715515,0.42582085728645325,0.07643244415521622,0.999959409236908
0,12,0.2965099513530731,0.4244266152381897,0.048039402812719345,0.9999375939369202
0,13,0.5449629426002502,0.5170581340789795,0.11679615825414658,0.9822848439216614
0,14,0.25374045968055725,0.5148902535438538,0.07834064215421677,0.9470536708831787
0,15,0.5787415504455566,0.6014120578765869,0.009056145325303078,0.9827092289924622
0,16,0.24522319436073303,0.5882276892662048,-0.04775945097208023,0.9331167340278625
0,17,0.58978670835495,0.62995845079422,-0.031078210100531578,0.9681951999664307
0,18,0.2396794706583023,0.6155821084976196,-0.09690845757722855,0.9011140465736389
0,19,0.5745657682418823,0.6285514831542969,-0.08878447860479355,0.9685999155044556
0,20,0.25993433594703674,0.6123843789100647,-0.14146937429904938,0.907311201095581
0,21,0.5662739872932434,0.6221745014190674,-0.016024475917220116,0.9610186219215393
0,22,0.267438679933548,0.603102445602417,-0.06918391585350037,0.8990852236747742
0,23,0.47692832350730896,0.6065066456794739,0.00511585921049118,0.9994999170303345
0,24,0.3520822525024414,0.6077467799186707,-0.005459940526634455,0.9998434782028198
0,25,0.5037745833396912,0.7415039539337158,-0.04738674685359001,0.9849202632904053
0,26,0.3470742404460907,0.7546982169151306,-0.09388280659914017,0.9828398823738098
0,27,0.5085127353668213,0.8811015486717224,0.05852220952510834,0.9315353035926819
0,28,0.3464382588863373,0.9114009141921997,-0.0035998746752738953,0.9721453189849854
0,29,0.49290958046913147,0.8950021266937256,0.05402115359902382,0.5483644008636475
0,30,0.3623626232147217,0.9322639107704163,-0.008249450474977493,0.731553852558136
0,31,0.5443334579467773,0.9426326751708984,-0.15260565280914307,0.9116835594177246
0,32,0.30331704020500183,0.9673693180084229,-0.23328560590744019,0.9600759148597717
0,0,0.394452303647995,0.34904035925865173,-0.13304436206817627,0.9999865293502808
0,1,0.4071270525455475,0.3381232023239136,-0.10724353045225143,0.9999405145645142
0,2,0.41554155945777893,0.338557630777359,-0.10727273672819138,0.9999365210533142
0,3,0.4228624403476715,0.3388919234275818,-0.10733930766582489,0.9999398589134216
0,4,0.3824348747730255,0.33777469396591187,-0.10718492418527603,0.9999505877494812
0,5,0.37423405051231384,0.3380551338195801,-0.10703174024820328,0.9999403357505798
0,6,0.3659917414188385,0.33862727880477905,-0.10682392865419388,0.9999468326568604
0,7,0.43186983466148376,0.3454137146472931,0.05682812258601189,0.9998803734779358
0,8,0.35885217785835266,0.3447119891643524,0.054496537894010544,0.9998039603233337
0,9,0.4113679528236389,0.3622012734413147,-0.06843695044517517,0.9999644756317139
0,10,0.38036465644836426,0.362419068813324,-0.06911475211381912,0.9999638795852661
0,11,0.5040010213851929,0.42329514026641846,0.12094445526599884,0.9999619722366333
0,12,0.2954780161380768,0.4211812913417816,0.10697664320468903,0.9999412894248962
0,13,0.5461994409561157,0.5164541006088257,0.1668260097503662,0.9809315204620361
0,14,0.251390278339386,0.510107696056366,0.15369117259979248,0.9496721029281616
0,15,0.5831313729286194,0.6011679172515869,0.075929194688797,0.981907844543457
0,16,0.24104148149490356,0.5852957963943481,0.044696222990751266,0.936445951461792
0,17,0.5935025811195374,0.6295661926269531,0.03400522843003273,0.966885507106781
0,18,0.23740023374557495,0.6125960946083069,-0.0037122832145541906,0.9052156209945679
0,19,0.579616904258728,0.6279671788215637,-0.020975058898329735,0.9673804640769958
0,20,0.2559549808502197,0.6095021963119507,-0.04891986772418022,0.911140501499176
0,21,0.5710459351539612,0.6215628385543823,0.051574889570474625,0.9600239396095276
0,22,0.26262345910072327,0.6001525521278381,0.022345662117004395,0.9033047556877136
0,23,0.4773220419883728,0.6048577427864075,0.004499166738241911,0.9995360374450684
0,24,0.35159608721733093,0.6062141060829163,-0.004832655191421509,0.9998451471328735
0,25,0.5139786005020142,0.7501441240310669,-0.04956243559718132,0.985709547996521
0,26,0.3474145531654358,0.756679117679596,-0.08719991147518158,0.9835426211357117
0,27,0.526512861251831,0.8990920186042786,0.04188906028866768,0.9374010562896729
0,28,0.34696269035339355,0.9134250283241272,0.02307220920920372,0.9738982319831848
0,29,0.5043147802352905,0.9161381721496582,0.03823947533965111,0.5653852820396423
0,30,0.36395177245140076,0.934739351272583,0.02109508588910103,0.7304632663726807
0,31,0.5659588575363159,0.9589507579803467,-0.1811782270669937,0.9188908338546753
0,32,0.3040028214454651,0.9668927788734436,-0.20070354640483856,0.9624118208885193
0,0,0.3953816592693329,0.34570544958114624,-0.12526707351207733,0.999987781047821
0,1,0.40791624784469604,0.33498403429985046,-0.0998968631029129,0.9999460577964783
0,2,0.4163209795951843,0.33536648750305176,-0.09995775669813156,0.999942421913147
0,3,0.4235907793045044,0.3356834053993225,-0.10004590451717377,0.9999455213546753
0,4,0.38354581594467163,0.33474430441856384,-0.10109587013721466,0.9999550580978394
0,5,0.3755124509334564,0.3348579704761505,-0.1009555384516716,0.9999458193778992
0,6,0.3675813674926758,0.3351263701915741,-0.1007646769285202,0.9999516606330872
0,7,0.43279722332954407,0.3423900306224823,0.06062928959727287,0.9998911619186401
0,8,0.35928308963775635,0.3411683142185211,0.052076149731874466,0.9998225569725037
0,9,0.41222721338272095,0.3587726950645447,-0.06272217631340027,0.9999675750732422
0,10,0.38139399886131287,0.35824692249298096,-0.06527198106050491,0.999967098236084
0,11,0.5044110417366028,0.421274334192276,0.12550334632396698,0.9999647736549377
0,12,0.2937900722026825,0.41888508200645447,0.09907673299312592,0.9999444484710693
0,13,0.5466731190681458,0.5156013369560242,0.17874228954315186,0.980324923992157
0,14,0.2492561638355255,0.5076258182525635,0.14430533349514008,0.9528322815895081
0,15,0.5854023694992065,0.6010072827339172,0.0875423476099968,0.9815564155578613
0,16,0.23875337839126587,0.5826385617256165,0.035095520317554474,0.9396103024482727
0,17,0.5976777672767639,0.6292623281478882,0.0476912222802639,0.9662913680076599
0,18,0.23589801788330078,0.6091731786727905,-0.011332794092595577,0.9092543721199036
0,19,0.5840663909912109,0.6276372075080872,-0.008576755411922932,0.9668506979942322
0,20,0.25301799178123474,0.6060311794281006,-0.05659589543938637,0.9148369431495667
0,21,0.5742917656898499,0.6211649775505066,0.06269308179616928,0.9597198963165283
0,22,0.2592087984085083,0.5970067381858826,0.01294107735157013,0.9074089527130127
0,23,0.4774710536003113,0.6031666398048401,0.005900516640394926,0.9995723366737366
0,24,0.3514856994152069,0.6047000885009766,-0.006290295161306858,0.9998470544815063
0,25,0.5199370384216309,0.7530831098556519,-0.05452617257833481,0.9863536953926086
0,26,0.3476593792438507,0.7566973567008972,-0.09012272208929062,0.9840863347053528
0,27,0.5423805713653564,0.9099943041801453,-0.016153540462255478,0.9427719712257385
0,28,0.3469606339931488,0.9115706086158752,0.019648898392915726,0.9753828048706055
0,29,0.5204075574874878,0.9311028122901917,-0.02582378499209881,0.5835489630699158
0,30,0.36490491032600403,0.9324712753295898,0.01829972304403782,0.7270358204841614
0,31,0.5838900208473206,0.9678437113761902,-0.24387139081954956,0.9255130290985107
0,32,0.30479660630226135,0.9669008255004883,-0.22036802768707275,0.9644948244094849
0,0,0.3957059681415558,0.34461531043052673,-0.11486221849918365,0.999988853931427
0,1,0.4084470570087433,0.3322056233882904,-0.08707811683416367,0.9999510049819946
0,2,0.4165043830871582,0.33236274123191833,-0.08712263405323029,0.999947726726532
0,3,0.4239162802696228,0.33258023858070374,-0.08721274137496948,0.9999505877494812
0,4,0.38401901721954346,0.3324097990989685,-0.08831796050071716,0.9999590516090393
0,5,0.3763710558414459,0.33251941204071045,-0.0881417840719223,0.9999507069587708
0,6,0.36861559748649597,0.33241453766822815,-0.08791238069534302,0.9999560117721558
0,7,0.4335419833660126,0.3393517732620239,0.08056725561618805,0.9999008178710938
0,8,0.36033058166503906,0.33874446153640747,0.07176128029823303,0.9998392462730408
0,9,0.41288143396377563,0.3581860661506653,-0.0500803180038929,0.9999703168869019
0,10,0.38217008113861084,0.3581443130970001,-0.05254523456096649,0.9999698996543884
0,11,0.5052794218063354,0.4213559031486511,0.15132464468479156,0.9999672770500183
0,12,0.2944561839103699,0.41742467880249023,0.1153394877910614,0.9999468326568604
0,13,0.548439621925354,0.5155568718910217,0.20623679459095,0.9788671731948853
0,14,0.24882665276527405,0.5059067606925964,0.15406650304794312,0.9554622173309326
0,15,0.5898939967155457,0.6008481979370117,0.10943737626075745,0.9807731509208679
0,16,0.24050305783748627,0.576390266418457,0.030797578394412994,0.9426058530807495
0,17,0.6028441190719604,0.6291364431381226,0.06438782066106796,0.9648439288139343
0,18,0.2367895096540451,0.6024700403213501,-0.021982017904520035,0.9129588603973389
0,19,0.5905754566192627,0.627414882183075,0.005794189870357513,0.9656118750572205
0,20,0.254398912191391,0.5998488664627075,-0.06537195295095444,0.9182818531990051
0,21,0.5806495547294617,0.6211078763008118,0.08264782279729843,0.9587305784225464
0,22,0.26044538617134094,0.5911583304405212,0.008782832883298397,0.9112275242805481
0,23,0.47781088948249817,0.6027632355690002,0.005511295981705189,0.9996047616004944
0,24,0.35027366876602173,0.6035240292549133,-0.005862482823431492,0.9998458623886108
0,25,0.5239517688751221,0.7548410296440125,-0.06223362684249878,0.9869282841682434
0,26,0.34803396463394165,0.7562239170074463,-0.09172667562961578,0.9845296740531921
0,27,0.5514848828315735,0.9172057509422302,-0.024157186970114708,0.9476307034492493
0,28,0.3469695448875427,0.9107624292373657,0.004588502924889326,0.9765709042549133
0,29,0.531044602394104,0.9373680949211121,-0.03372761234641075,0.5986466407775879
0,30,0.36524298787117004,0.9311233162879944,0.0015907896449789405,0.7228801846504211
0,31,0.5849217772483826,0.9737023711204529,-0.27079832553863525,0.9314079284667969
0,32,0.3053714334964752,0.9682931900024414,-0.23002022504806519,0.966173529624939
0,0,0.4007243812084198,0.3447539508342743,-0.10972822457551956,0.9999897480010986
0,1,0.41305503249168396,0.3326931297779083,-0.08238842338323593,0.9999551773071289
0,2,0.4201169013977051,0.3329349160194397,-0.08242638409137726,0.9999522566795349
0,3,0.4274422228336334,0.33315494656562805,-0.08251317590475082,0.999954879283905
0,4,0.3890293836593628,0.3319556415081024,-0.0855267122387886,0.999962329864502
0,5,0.38005486130714417,0.33179739117622375,-0.08533959835767746,0.9999548196792603
0,6,0.37121352553367615,0.33168330788612366,-0.08511883020401001,0.9999596476554871
0,7,0.4374746084213257,0.3387927711009979,0.08446970582008362,0.9999089241027832
0,8,0.36049580574035645,0.33806124329566956,0.06834839284420013,0.9998535513877869
0,9,0.4164009690284729,0.35789012908935547,-0.04481075331568718,0.9999725222587585
0,10,0.38497668504714966,0.35730573534965515,-0.04951733723282814,0.9999721050262451
0,11,0.5068076252937317,0.4204379916191101,0.15158221125602722,0.999969482421875
0,12,0.29559794068336487,0.41450798511505127,0.11525245010852814,0.9999482035636902
0,13,0.5498722791671753,0.5146856904029846,0.21894536912441254,0.9769206047058105
0,14,0.2513924241065979,0.5032415390014648,0.163263201713562,0.9574899077415466
0,15,0.5917184352874756,0.5981792211532593,0.1411220282316208,0.9793850779533386
0,16,0.24270091950893402,0.5757787823677063,0.0524359792470932,0.9444738626480103
0,17,0.6039626002311707,0.6276056170463562,0.09946742653846741,0.9626949429512024
0,18,0.23858849704265594,0.6019341945648193,0.00016147203859873116,0.9151501655578613
0,19,0.5928648710250854,0.6260170340538025,0.04053356125950813,0.9636996984481812
0,20,0.255278617143631,0.5991916656494141,-0.04551858454942703,0.9203484058380127
0,21,0.5830784440040588,0.6191208362579346,0.11458013206720352,0.9569198489189148
0,22,0.26096677780151367,0.5905545949935913,0.029227396473288536,0.9136509895324707
0,23,0.4783836305141449,0.6021037101745605,0.004817612934857607,0.9996327757835388
0,24,0.3507915139198303,0.6023044586181641,-0.005152969621121883,0.9998423457145691
0,25,0.5292351841926575,0.7552215456962585,-0.06813816726207733,0.9875266551971436
0,26,0.3483215570449829,0.7561051845550537,-0.09064602851867676,0.9849339723587036
0,27,0.559666633605957,0.92128986120224,-0.04054877907037735,0.9520512819290161
0,28,0.3466742932796478,0.9104155898094177,-0.0003364905423950404,0.9776515364646912
0,29,0.5392887592315674,0.9405829906463623,-0.05164965242147446,0.6099207997322083
0,30,0.3654831349849701,0.9305722117424011,-0.0037133018486201763,0.7214917540550232
0,31,0.5849468111991882,0.9786891937255859,-0.2922417223453522,0.9367944002151489
0,32,0.30436214804649353,0.9675987362861633,-0.2339864820241928,0.9677509069442749
0,0,0.4090844392776489,0.34445422887802124,-0.11865517497062683,0.9999905824661255
0,1,0.42015737295150757,0.3329402804374695,-0.09126824885606766,0.9999589920043945
0,2,0.4270800054073334,0.3329610526561737,-0.09129917621612549,0.9999563694000244
0,3,0.4354587197303772,0.3330693542957306,-0.09137076139450073,0.9999588131904602
0,4,0.39697375893592834,0.3318815231323242,-0.09510809928178787,0.9999653100967407
0,5,0.38755637407302856,0.3315001130104065,-0.09491504728794098,0.9999585747718811
0,6,0.3778682053089142,0.33115774393081665,-0.09467549622058868,0.9999629259109497
0,7,0.4440990090370178,0.33767664432525635,0.07618546485900879,0.9999164938926697
0,8,0.3640270233154297,0.3367578983306885,0.05598057433962822,0.9998666048049927
0,9,0.42304688692092896,0.35787278413772583,-0.05359571427106857,0.9999746084213257
0,10,0.3921397626399994,0.35630494356155396,-0.059436798095703125,0.9999741911888123
0,11,0.5117339491844177,0.41990169882774353,0.14606542885303497,0.9999715685844421
0,12,0.29639795422554016,0.41371485590934753,0.10531574487686157,0.9999498724937439
0,13,0.5540053844451904,0.5147397518157959,0.22360087931156158,0.975493311882019
0,14,0.2532569169998169,0.5021262168884277,0.15748409926891327,0.9598110318183899
0,15,0.595150887966156,0.598197340965271,0.14479224383831024,0.9784731268882751
0,16,0.24210882186889648,0.5725828409194946,0.05055249109864235,0.9468303322792053
0,17,0.6070466637611389,0.627598762512207,0.1029573380947113,0.961172342300415
0,18,0.23616546392440796,0.5993140935897827,-0.00044475909089669585,0.9180852174758911
0,19,0.596423864364624,0.6260585188865662,0.04338137060403824,0.9623852968215942
0,20,0.2536567747592926,0.5973795056343079,-0.04554559662938118,0.9230839014053345
0,21,0.5866805911064148,0.619066596031189,0.11786112189292908,0.9557720422744751
0,22,0.26012122631073,0.5887530446052551,0.027660856023430824,0.9167236685752869
0,23,0.47911062836647034,0.6017916798591614,0.004684593994170427,0.9996597170829773
0,24,0.35174572467803955,0.6017409563064575,-0.00501113710924983,0.9998405575752258
0,25,0.5328819155693054,0.75665682554245,-0.08528250455856323,0.9878670573234558
0,26,0.3484956622123718,0.756341814994812,-0.09227515757083893,0.9851909875869751
0,27,0.565019428730011,0.9286639094352722,-0.06431704759597778,0.955862820148468
0,28,0.3464280962944031,0.9117774963378906,-0.009359592571854591,0.9784125685691833
0,29,0.5471676588058472,0.9505811333656311,-0.07586479932069778,0.6208845973014832
0,30,0.3656829595565796,0.9318510293960571,-0.013404627330601215,0.719426155090332
0,31,0.5883287787437439,0.9843673706054688,-0.3168962299823761,0.941383421421051
0,32,0.3042069375514984,0.9675983786582947,-0.23512814939022064,0.968836784362793
0,0,0.4123713970184326,0.3411663770675659,-0.1245499700307846,0.9999913573265076
0,1,0.4244149327278137,0.32996681332588196,-0.0962350070476532,0.9999626278877258
0,2,0.4320521950721741,0.33022212982177734,-0.09625008702278137,0.9999603033065796
0,3,0.4412601888179779,0.3306024968624115,-0.09631145000457764,0.9999625086784363
0,4,0.40112438797950745,0.32874199748039246,-0.09857005625963211,0.9999682903289795
0,5,0.3920508325099945,0.32853037118911743,-0.09837669134140015,0.9999622106552124
0,6,0.3823883831501007,0.3284004032611847,-0.09814191609621048,0.9999661445617676
0,7,0.4517093300819397,0.3360373377799988,0.07086707651615143,0.9999237060546875
0,8,0.369678795337677,0.33455926179885864,0.05642874911427498,0.9998788237571716
0,9,0.42713791131973267,0.35480332374572754,-0.06032885983586311,0.9999766945838928
0,10,0.39612022042274475,0.3528151214122772,-0.06448131799697876,0.9999763369560242
0,11,0.5186706185340881,0.41977012157440186,0.13588514924049377,0.9999735355377197
0,12,0.2990138530731201,0.4128400683403015,0.1056523397564888,0.9999520778656006
0,13,0.5592444539070129,0.5149319171905518,0.2141336351633072,0.9748212695121765
0,14,0.25519296526908875,0.5024080276489258,0.1674574762582779,0.9616959095001221
0,15,0.6002885699272156,0.6002653241157532,0.1463899463415146,0.977911114692688
0,16,0.24285262823104858,0.5760695338249207,0.06606938689947128,0.9485186338424683
0,17,0.610948383808136,0.6295742392539978,0.10564985871315002,0.9602670669555664
0,18,0.2368650883436203,0.6026480197906494,0.016627585515379906,0.9200977683067322
0,19,0.5999809503555298,0.6283679008483887,0.04776377975940704,0.96158766746521
0,20,0.2533695697784424,0.6006336808204651,-0.032398443669080734,0.9249771237373352
0,21,0.5904901027679443,0.6207923293113708,0.12067683786153793,0.9551219344139099
0,22,0.2599617540836334,0.5919004082679749,0.041446179151535034,0.9190846085548401
0,23,0.4825979471206665,0.6019657850265503,0.004441908095031977,0.9996849298477173
0,24,0.35190242528915405,0.6018974184989929,-0.004772428888827562,0.9998415112495422
0,25,0.5361330509185791,0.7568866610527039,-0.08129764348268509,0.9883005619049072
0,26,0.34868237376213074,0.7579173445701599,-0.09108316153287888,0.9854932427406311
0,27,0.5665302276611328,0.9275457262992859,-0.05133140832185745,0.9593912959098816
0,28,0.3460327982902527,0.9126865267753601,-0.010630360804498196,0.9791375398635864
0,29,0.5497611165046692,0.9484872817993164,-0.06310348212718964,0.6299008131027222
0,30,0.36582979559898376,0.9321606159210205,-0.014686007983982563,0.717704176902771
0,31,0.5871190428733826,0.9863408207893372,-0.30352404713630676,0.9456174373626709
0,32,0.30353060364723206,0.9693624973297119,-0.2312231808900833,0.9699639081954956
0,0,0.4165978729724884,0.3397882878780365,-0.11653774231672287,0.9999920725822449
0,1,0.4288102984428406,0.32876601815223694,-0.0889759212732315,0.9999659061431885
0,2,0.4372957944869995,0.3289727568626404,-0.08900155872106552,0.9999638199806213
0,3,0.44636839628219604,0.32942426204681396,-0.08908668160438538,0.9999659061431885
0,4,0.40568292140960693,0.32771629095077515,-0.08984000235795975,0.9999709725379944
0,5,0.3970378041267395,0.3275884985923767,-0.08963341265916824,0.999965488910675
0,6,0.38812506198883057,0.32753339409828186,-0.08942064642906189,0.9999690651893616
0,7,0.45805513858795166,0.3348761200904846,0.07580709457397461,0.9999301433563232
0,8,0.37688207626342773,0.3332693874835968,0.06753550469875336,0.9998898506164551
0,9,0.43215519189834595,0.3536257743835449,-0.052937813103199005,0.9999785423278809
0,10,0.4019556939601898,0.35144737362861633,-0.05537772923707962,0.9999781847000122
0,11,0.5263140201568604,0.4184805750846863,0.13886842131614685,0.999975323677063
0,12,0.30711105465888977,0.4119974374771118,0.11234728246927261,0.9999539852142334
0,13,0.5637287497520447,0.5149896740913391,0.20927244424819946,0.9743465781211853
0,14,0.2608172595500946,0.502559244632721,0.17489776015281677,0.9631409049034119
0,15,0.6045965552330017,0.6022468209266663,0.13444450497627258,0.9775384068489075
0,16,0.24429923295974731,0.5778141021728516,0.0736871212720871,0.9496259689331055
0,17,0.615156352519989,0.6317306756973267,0.09156426787376404,0.9597077369689941
0,18,0.23800905048847198,0.6047148108482361,0.023200297728180885,0.9215556383132935
0,19,0.6033349633216858,0.6311063766479492,0.03439650684595108,0.9611274600028992
0,20,0.25499606132507324,0.6023266911506653,-0.027782317250967026,0.9263337254524231
0,21,0.5940130352973938,0.6230804324150085,0.10912974178791046,0.9547603130340576
0,22,0.2615129053592682,0.5931591987609863,0.04830316826701164,0.9208155274391174
0,23,0.4877384901046753,0.6017640829086304,0.004226864315569401,0.9997067451477051
0,24,0.35574695467948914,0.6018744707107544,-0.004550542216747999,0.9998403787612915
0,25,0.5385628342628479,0.7568485140800476,-0.07848546653985977,0.988390326499939
0,26,0.3487418591976166,0.757989764213562,-0.08920344710350037,0.9853992462158203
0,27,0.5660596489906311,0.9306907057762146,-0.05979548394680023,0.9622321724891663
0,28,0.34604594111442566,0.9144251942634583,-0.010837242938578129,0.9793351888656616
0,29,0.5491671562194824,0.9509534239768982,-0.07223165780305862,0.6366132497787476
0,30,0.36589762568473816,0.9348133206367493,-0.014899135567247868,0.7128501534461975
0,31,0.5864245295524597,0.9901957511901855,-0.3045605719089508,0.9488880038261414
0,32,0.3035818934440613,0.9697222113609314,-0.23210543394088745,0.970253586769104
0,0,0.4229872226715088,0.33987337350845337,-0.12258473038673401,0.9999927282333374
0,1,0.4345729649066925,0.3284282386302948,-0.09585651755332947,0.9999687671661377
0,2,0.4438473582267761,0.3285868167877197,-0.09587886184453964,0.9999669194221497
0,3,0.45209717750549316,0.3289414942264557,-0.09595515578985214,0.9999688267707825
0,4,0.4121672213077545,0.3277413845062256,-0.09689661115407944,0.9999732375144958
0,5,0.4034166932106018,0.3277314603328705,-0.0966973528265953,0.9999683499336243
0,6,0.3955909013748169,0.32769355177879333,-0.096498504281044,0.9999715685844421
0,7,0.46550217270851135,0.333814799785614,0.06930644065141678,0.9999356865882874
0,8,0.3851037621498108,0.33243125677108765,0.06125202029943466,0.9998996257781982
0,9,0.43862229585647583,0.3536844551563263,-0.058109406381845474,0.9999801516532898
0,10,0.41084539890289307,0.35165688395500183,-0.06050995737314224,0.9999797940254211
0,11,0.5337950587272644,0.41720983386039734,0.13424400985240936,0.9999769926071167
0,12,0.31555700302124023,0.4102870523929596,0.10986801236867905,0.9999560713768005
0,13,0.5704137086868286,0.5151733756065369,0.20151953399181366,0.9740838408470154
0,14,0.27365735173225403,0.502255380153656,0.17089135944843292,0.9644360542297363
0,15,0.6093937754631042,0.6039716601371765,0.11702194809913635,0.9773526787757874
0,16,0.2487778514623642,0.5790733098983765,0.06497367471456528,0.9511959552764893
0,17,0.6195088624954224,0.6335167288780212,0.07308300584554672,0.9594864249229431
0,18,0.24041563272476196,0.6059260368347168,0.013757305219769478,0.9236729741096497
0,19,0.6088248491287231,0.6330485343933105,0.014813616871833801,0.9609829783439636
0,20,0.2553565800189972,0.6036139130592346,-0.03851066902279854,0.928347647190094
0,21,0.5995882153511047,0.6249865889549255,0.0909687727689743,0.954772412776947
0,22,0.2616509199142456,0.5944895148277283,0.038943443447351456,0.923183023929596
0,23,0.4948268234729767,0.601316511631012,0.0038008815608918667,0.9997254610061646
0,24,0.36081811785697937,0.6015787124633789,-0.004127881955355406,0.9998396635055542
0,25,0.5421560406684875,0.7579832077026367,-0.07603926211595535,0.9888266921043396
0,26,0.3499464988708496,0.7577858567237854,-0.08624342828989029,0.9857252836227417
0,27,0.5666317939758301,0.9275953769683838,-0.046997182071208954,0.9650991559028625
0,28,0.3460100591182709,0.9152205586433411,-0.009900757111608982,0.9800281524658203
0,29,0.5489750504493713,0.9464221000671387,-0.05909169837832451,0.6439734101295471
0,30,0.36603912711143494,0.9351785778999329,-0.014064147137105465,0.7139236927032471
0,31,0.588473379611969,0.9902228713035583,-0.29679951071739197,0.9522371292114258
0,32,0.30160748958587646,0.9710118174552917,-0.22778142988681793,0.9712054133415222
0,0,0.4296988248825073,0.3378327786922455,-0.1283133625984192,0.9999933838844299
0,1,0.44150668382644653,0.3260766565799713,-0.1017804965376854,0.9999716281890869
0,2,0.4504719078540802,0.3262927234172821,-0.1018066331744194,0.9999699592590332
0,3,0.4581679701805115,0.32654863595962524,-0.10187908262014389,0.9999716877937317
0,4,0.4191034734249115,0.325897216796875,-0.10260973125696182,0.9999756217002869
0,5,0.41026291251182556,0.32602474093437195,-0.10241851955652237,0.9999712109565735
0,6,0.4025641977787018,0.32618895173072815,-0.10223065316677094,0.9999740719795227
0,7,0.4730483591556549,0.3311595618724823,0.0641724243760109,0.9999414682388306
0,8,0.3933347761631012,0.33071497082710266,0.0569135844707489,0.9999091029167175
0,9,0.4464045763015747,0.351378858089447,-0.06375057250261307,0.9999818801879883
0,10,0.4199482798576355,0.34966525435447693,-0.06615482270717621,0.9999815821647644
0,11,0.5446072220802307,0.4153573215007782,0.132050558924675,0.9999787211418152
0,12,0.3230670392513275,0.4100594222545624,0.10647899657487869,0.9999584555625916
0,13,0.5799691677093506,0.5150928497314453,0.19374416768550873,0.9748601317405701
0,14,0.2844201624393463,0.5033787488937378,0.16483210027217865,0.9662899971008301
0,15,0.6173359751701355,0.6044852137565613,0.10515023022890091,0.9780229330062866
0,16,0.2548290491104126,0.580363929271698,0.056216031312942505,0.9536538124084473
0,17,0.6249123811721802,0.634575605392456,0.06279800832271576,0.960569441318512
0,18,0.2426646500825882,0.6103876233100891,0.008948763832449913,0.9271472692489624
0,19,0.6129115223884583,0.633979856967926,0.006310358177870512,0.9620791673660278
0,20,0.2569388747215271,0.6071684956550598,-0.04821162298321724,0.9316298365592957
0,21,0.6043514609336853,0.625702977180481,0.07955963164567947,0.9561856985092163
0,22,0.2647285759449005,0.597824215888977,0.03269995376467705,0.9268965125083923
0,23,0.5001146197319031,0.6014226078987122,0.0027498742565512657,0.9997445344924927
0,24,0.3651816248893738,0.6016075015068054,-0.003007438499480486,0.9998418092727661
0,25,0.5461284518241882,0.7584495544433594,-0.07634858787059784,0.9892883896827698
0,26,0.3516989052295685,0.7576377987861633,-0.07553967833518982,0.9861994981765747
0,27,0.5653049349784851,0.9271854758262634,-0.05266054347157478,0.9676748514175415
0,28,0.3460809290409088,0.9146464467048645,-0.005908472463488579,0.9806658625602722
0,29,0.5473111867904663,0.945289134979248,-0.0656803771853447,0.6560888290405273
0,30,0.36614856123924255,0.9350007176399231,-0.010520010255277157,0.719115138053894
0,31,0.5882595181465149,0.9906582236289978,-0.29941654205322266,0.9550480842590332
0,32,0.3016967177391052,0.9700096845626831,-0.21709278225898743,0.9718073010444641
0,0,0.4377570152282715,0.3374633193016052,-0.12907707691192627,0.9999939799308777
0,1,0.4499354660511017,0.3253670334815979,-0.10450459271669388,0.999974250793457
0,2,0.4586445987224579,0.32559874653816223,-0.10455472767353058,0.9999727606773376
0,3,0.46605679392814636,0.3257429897785187,-0.1046329140663147,0.9999743103981018
0,4,0.42729446291923523,0.32531896233558655,-0.10311640799045563,0.9999778270721436
0,5,0.4181345999240875,0.3254506289958954,-0.10283387452363968,0.9999738335609436
0,6,0.4101119935512543,0.3257211148738861,-0.10263050347566605,0.999976396560669
0,7,0.4822726249694824,0.32993605732917786,0.05354291573166847,0.9999467730522156
0,8,0.40126433968544006,0.32982638478279114,0.05579560250043869,0.9999176859855652
0,9,0.45527827739715576,0.35102424025535583,-0.06502304971218109,0.9999834895133972
0,10,0.4293408989906311,0.34969133138656616,-0.06792385876178741,0.9999831914901733
0,11,0.5535597801208496,0.4127790033817291,0.12122976779937744,0.9999803900718689
0,12,0.33176952600479126,0.40874454379081726,0.09725300967693329,0.9999608397483826
0,13,0.587993323802948,0.5143675804138184,0.18296928703784943,0.9758992195129395
0,14,0.29449301958084106,0.5029352307319641,0.15651501715183258,0.9681000709533691
0,15,0.6239553093910217,0.6048759818077087,0.09026983380317688,0.9791073203086853
0,16,0.2641153633594513,0.5829414129257202,0.04687939211726189,0.9560518860816956
0,17,0.6300521492958069,0.6349747180938721,0.041066303849220276,0.9623739123344421
0,18,0.24927008152008057,0.6141639351844788,-0.0059491838328540325,0.9305787682533264
0,19,0.6176669001579285,0.6342614889144897,-0.01979934051632881,0.9638543725013733
0,20,0.26137763261795044,0.6111487746238708,-0.06885082274675369,0.934849202632904
0,21,0.609897255897522,0.6261157393455505,0.06276611983776093,0.9582584500312805
0,22,0.27086320519447327,0.6018586754798889,0.018459180369973183,0.9305105805397034
0,23,0.5063040852546692,0.6011670827865601,0.0026688273064792156,0.9997623562812805
0,24,0.3710837662220001,0.6008761525154114,-0.002942990977317095,0.999845564365387
0,25,0.5494160652160645,0.758105993270874,-0.07634716480970383,0.989672064781189
0,26,0.35427093505859375,0.7572803497314453,-0.07264407724142075,0.9866645932197571
0,27,0.5670395493507385,0.9292848706245422,-0.06296279281377792,0.9699435234069824
0,28,0.3469729423522949,0.9144893884658813,-0.010576284490525723,0.9814103245735168
0,29,0.5492268204689026,0.9496073722839355,-0.07677951455116272,0.6689292192459106
0,30,0.36684301495552063,0.9350651502609253,-0.01720549538731575,0.7259982824325562
0,31,0.592433512210846,0.9891899824142456,-0.3001970052719116,0.957569420337677
0,32,0.3017610013484955,0.9697035551071167,-0.22067221999168396,0.9725629091262817
0,0,0.44305333495140076,0.3368310332298279,-0.13068976998329163,0.9999944567680359
0,1,0.45485368371009827,0.3243134915828705,-0.10684151202440262,0.9999763369560242
0,2,0.4639212489128113,0.32440581917762756,-0.10688836127519608,0.9999750852584839
0,3,0.4713020622730255,0.3244708478450775,-0.10695162415504456,0.9999764561653137
0,4,0.4326130151748657,0.3244412839412689,-0.10358090698719025,0.9999794960021973
0,5,0.4236653447151184,0.32463371753692627,-0.10332551598548889,0.999975860118866
0,6,0.41610053181648254,0.32491493225097656,-0.10312718898057938,0.9999781250953674
0,7,0.4888032376766205,0.3283630311489105,0.052301302552223206,0.999951183795929
0,8,0.40863287448883057,0.32864081859588623,0.06534159928560257,0.9999247193336487
0,9,0.46086379885673523,0.3503725528717041,-0.06797996163368225,0.9999848008155823
0,10,0.4353163540363312,0.34924671053886414,-0.06590253859758377,0.9999844431877136
0,11,0.5629774928092957,0.4097532331943512,0.10279214382171631,0.9999819993972778
0,12,0.341528058052063,0.40693607926368713,0.11458035558462143,0.999962568283081
0,13,0.5968146920204163,0.5122125744819641,0.1443375051021576,0.9773346781730652
0,14,0.3044208586215973,0.5011810660362244,0.17420607805252075,0.9694084525108337
0,15,0.6306864619255066,0.603289008140564,0.036372095346450806,0.9805939197540283
0,16,0.27391156554222107,0.5833471417427063,0.05995937064290047,0.9583132266998291
0,17,0.6367456316947937,0.6343415975570679,-0.01844765618443489,0.9649373292922974
0,18,0.2576504647731781,0.615388810634613,0.004830948542803526,0.933769166469574
0,19,0.6231116652488708,0.6336033940315247,-0.08003804832696915,0.9663199186325073
0,20,0.2684067189693451,0.612604022026062,-0.059062521904706955,0.9378636479377747
0,21,0.6154171824455261,0.6255393624305725,0.009137718006968498,0.9610536694526672
0,22,0.2787534296512604,0.6030868887901306,0.029465144500136375,0.9339021444320679
0,23,0.5129109621047974,0.6011830568313599,-0.0022195172496140003,0.9997783303260803
0,24,0.37697404623031616,0.6006903648376465,0.002006864408031106,0.9998487234115601
0,25,0.5540717244148254,0.7597938179969788,-0.07554470747709274,0.9900648593902588
0,26,0.355459064245224,0.7576887607574463,-0.06762567162513733,0.9870762825012207
0,27,0.5673180818557739,0.9271124601364136,-0.03739885985851288,0.9720086455345154
0,28,0.349054753780365,0.914252758026123,0.018208008259534836,0.9820208549499512
0,29,0.5501572489738464,0.9458739757537842,-0.04771901294589043,0.6774458289146423
0,30,0.36779147386550903,0.9339144229888916,0.014495442621409893,0.7316226959228516
0,31,0.593214213848114,0.9885815978050232,-0.27808791399002075,0.9598089456558228
0,32,0.3027641773223877,0.969266951084137,-0.19204258918762207,0.9731769561767578
0,0,0.4478117525577545,0.33033818006515503,-0.12813840806484222,0.9999949336051941
0,1,0.45855095982551575,0.3178321123123169,-0.1052640900015831,0.9999784827232361
0,2,0.46731775999069214,0.3179369270801544,-0.10532733798027039,0.9999773502349854
0,3,0.4755205512046814,0.31804683804512024,-0.1053711324930191,0.9999786019325256
0,4,0.43662747740745544,0.3184839189052582,-0.0998697578907013,0.9999812245368958
0,5,0.4285532236099243,0.3189728856086731,-0.0996355414390564,0.9999779462814331
0,6,0.4213654696941376,0.31973618268966675,-0.09946136176586151,0.9999799728393555
0,7,0.492527574300766,0.3246016800403595,0.05207107961177826,0.9999555349349976
0,8,0.4149169623851776,0.3259263038635254,0.06887242943048477,0.9999315142631531
0,9,0.46533554792404175,0.34416428208351135,-0.06864573806524277,0.9999861717224121
0,10,0.4391125440597534,0.3436776101589203,-0.06329622119665146,0.9999857544898987
0,11,0.5718722939491272,0.40662816166877747,0.09690233319997787,0.999983549118042
0,12,0.351421058177948,0.40631529688835144,0.11118713766336441,0.9999644756317139
0,13,0.6086269021034241,0.5092762112617493,0.13547521829605103,0.9787386059761047
0,14,0.31492558121681213,0.5011357069015503,0.1718587726354599,0.9704434871673584
0,15,0.6395626664161682,0.6024183630943298,0.023518571630120277,0.9820073246955872
0,16,0.2822660207748413,0.5875827074050903,0.056179895997047424,0.9602827429771423
0,17,0.6430235505104065,0.6339682340621948,-0.02901523932814598,0.9674033522605896
0,18,0.2651495635509491,0.6185575127601624,0.0019162757089361548,0.9368400573730469
0,19,0.6295849680900574,0.6329857707023621,-0.09118251502513885,0.9686849117279053
0,20,0.27447304129600525,0.6161295175552368,-0.05952906236052513,0.9407182931900024
0,21,0.6225004196166992,0.6251360177993774,-0.0034965265076607466,0.9637222290039062
0,22,0.2855750620365143,0.6075490713119507,0.02623916231095791,0.9370882511138916
0,23,0.5237549543380737,0.6005726456642151,-0.00227638753131032,0.9997954964637756
0,24,0.3855070173740387,0.5997405052185059,0.0020586205646395683,0.9998555183410645
0,25,0.5602206587791443,0.7596790194511414,-0.0732259526848793,0.9904739856719971
0,26,0.3593113422393799,0.7567400336265564,-0.06853773444890976,0.9875709414482117
0,27,0.5698565244674683,0.9275751113891602,-0.03715327009558678,0.9740195870399475
0,28,0.3490505814552307,0.9140688180923462,0.01193270180374384,0.9827707409858704
0,29,0.5531209707260132,0.9457787871360779,-0.049480143934488297,0.6879687309265137
0,30,0.3677358627319336,0.9329873919487,0.00755320256575942,0.7368655204772949
0,31,0.5974217653274536,0.9906678795814514,-0.27902454137802124,0.9621440172195435
0,32,0.302820086479187,0.9689798355102539,-0.19828440248966217,0.9741034507751465
0,0,0.45172837376594543,0.3308580219745636,-0.12976372241973877,0.9999953508377075
0,1,0.46320536732673645,0.31828853487968445,-0.10565892606973648,0.9999803900718689
0,2,0.47157761454582214,0.3180842101573944,-0.10571355372667313,0.9999793767929077
0,3,0.4802793860435486,0.31801003217697144,-0.1057971939444542,0.9999805092811584
0,4,0.44073596596717834,0.3189312815666199,-0.10209587961435318,0.9999827742576599
0,5,0.43329882621765137,0.31930360198020935,-0.10187169164419174,0.9999797940254211
0,6,0.42634642124176025,0.319776326417923,-0.10169827938079834,0.9999815821647644
0,7,0.4970833659172058,0.32366231083869934,0.043601151555776596,0.9999594688415527
0,8,0.4208017587661743,0.3251257538795471,0.06726116687059402,0.9999375939369202
0,9,0.47016945481300354,0.3445521891117096,-0.06929770857095718,0.9999873638153076
0,10,0.4428740441799164,0.34385332465171814,-0.06525765359401703,0.9999868869781494
0,11,0.5800386667251587,0.40362560749053955,0.0843212828040123,0.9999849796295166
0,12,0.3591541349887848,0.40646523237228394,0.11188696324825287,0.9999660849571228
0,13,0.617878794670105,0.5070966482162476,0.11398769170045853,0.9802630543708801
0,14,0.3248851001262665,0.5016006827354431,0.179554283618927,0.971298336982727
0,15,0.6448589563369751,0.6008515357971191,-0.014676600694656372,0.9834473729133606
0,16,0.2910827398300171,0.591596245765686,0.06021714583039284,0.9622674584388733
0,17,0.6474263072013855,0.6321989893913269,-0.07053722441196442,0.9699146151542664
0,18,0.27520763874053955,0.6211330890655518,0.0051247659139335155,0.9398505091667175
0,19,0.6327351927757263,0.6307252645492554,-0.13245637714862823,0.9710940718650818
0,20,0.28349050879478455,0.6189467906951904,-0.059430573135614395,0.9435593485832214
0,21,0.6254188418388367,0.6235934495925903,-0.04141177609562874,0.9664614796638489
0,22,0.29410335421562195,0.6113131642341614,0.028400681912899017,0.9402593970298767
0,23,0.5303404927253723,0.6001941561698914,-0.00698885740712285,0.9998084306716919
0,24,0.39167356491088867,0.5993914604187012,0.006810714025050402,0.9998581409454346
0,25,0.564933180809021,0.7595905661582947,-0.07228849083185196,0.9908648729324341
0,26,0.3607867956161499,0.7562679648399353,-0.06060594692826271,0.9879434704780579
0,27,0.5698045492172241,0.9256112575531006,-0.03124893270432949,0.9756847023963928
0,28,0.35043948888778687,0.9133803248405457,0.016354771330952644,0.9832743406295776
0,29,0.5520778894424438,0.9435434937477112,-0.04288560524582863,0.695424497127533
0,30,0.3690034747123718,0.9308062195777893,0.011668690480291843,0.743009090423584
0,31,0.5978227853775024,0.9897180199623108,-0.273416668176651,0.9638435244560242
0,32,0.30354446172714233,0.9687942862510681,-0.19106082618236542,0.9745625853538513
0,0,0.4562320411205292,0.3283239006996155,-0.13304103910923004,0.9999957084655762
0,1,0.46865788102149963,0.315182626247406,-0.11004538834095001,0.9999819993972778
0,2,0.47652968764305115,0.31492841243743896,-0.11011198163032532,0.999981164932251
0,3,0.48542430996894836,0.3148689270019531,-0.1101108267903328,0.9999821782112122
0,4,0.44562095403671265,0.31634777784347534,-0.10315537452697754,0.999984085559845
0,5,0.43819236755371094,0.316962867975235,-0.10294360667467117,0.9999813437461853
0,6,0.4306910037994385,0.3174648880958557,-0.10276337713003159,0.9999829530715942
0,7,0.5027065277099609,0.32095685601234436,0.034966256469488144,0.9999629259109497
0,8,0.42665767669677734,0.32307782769203186,0.07379738241434097,0.9999427199363708
0,9,0.4754624366760254,0.34202393889427185,-0.07557490468025208,0.9999883770942688
0,10,0.447384238243103,0.3415185809135437,-0.0664905458688736,0.999987781047821
0,11,0.589432418346405,0.4006420075893402,0.06899459660053253,0.9999862313270569
0,12,0.3667823076248169,0.4059900641441345,0.12745821475982666,0.9999668002128601
0,13,0.6258453130722046,0.504841148853302,0.08557175099849701,0.9816083312034607
0,14,0.3313654959201813,0.5017803907394409,0.20175771415233612,0.9714276790618896
0,15,0.6504735946655273,0.5984706282615662,-0.04762938991189003,0.9847133159637451
0,16,0.29754483699798584,0.5950312614440918,0.07197888195514679,0.9640434980392456
0,17,0.6524601578712463,0.6291994452476501,-0.10522978752851486,0.9721209406852722
0,18,0.28270477056503296,0.6239638924598694,0.014791094698011875,0.942501962184906
0,19,0.6373288631439209,0.6272590160369873,-0.16668833792209625,0.973203718662262
0,20,0.29014211893081665,0.62176114320755,-0.054028406739234924,0.9460923671722412
0,21,0.6299983859062195,0.6205727458000183,-0.07414443045854568,0.968870222568512
0,22,0.30011728405952454,0.6147993206977844,0.03782445937395096,0.9431119561195374
0,23,0.5357820987701416,0.6002066135406494,-0.016773022711277008,0.9998165369033813
0,24,0.39660409092903137,0.5994812250137329,0.016719168052077293,0.9998562335968018
0,25,0.5708644986152649,0.7607592344284058,-0.0747210755944252,0.9912204742431641
0,26,0.3629051744937897,0.7565471529960632,-0.0511779710650444,0.9882687330245972
0,27,0.5709545612335205,0.9249314069747925,-0.027329089120030403,0.9769995808601379
0,28,0.35445478558540344,0.9132462739944458,0.034266021102666855,0.9836384654045105
0,29,0.552717387676239,0.9422082304954529,-0.037608224898576736,0.6996307373046875
0,30,0.37418872117996216,0.9310091733932495,0.02987646497786045,0.7510261535644531
0,31,0.5973169207572937,0.9892027974128723,-0.2706665098667145,0.9647917151451111
0,32,0.30333516001701355,0.968360960483551,-0.1766117811203003,0.9746822714805603
0,0,0.4584687054157257,0.32631006836891174,-0.1347380429506302,0.9999960660934448
0,1,0.4713095426559448,0.3129035532474518,-0.1115575060248375,0.9999834895133972
0,2,0.4788336753845215,0.31244197487831116,-0.11163558065891266,0.9999827742576599
0,3,0.4868064224720001,0.3123367726802826,-0.1115972250699997,0.9999836683273315
0,4,0.44861742854118347,0.3142794668674469,-0.1041916087269783,0.9999852776527405
0,5,0.44084590673446655,0.3148384690284729,-0.1039838045835495,0.9999828338623047
0,6,0.43314120173454285,0.3153618574142456,-0.10380294919013977,0.9999842047691345
0,7,0.5043037533760071,0.3187294602394104,0.0326194241642952,0.999966025352478
0,8,0.4309021830558777,0.3215843439102173,0.0764768198132515,0.9999473690986633
0,9,0.4784258008003235,0.3398672938346863,-0.07857561111450195,0.9999892711639404
0,10,0.44997572898864746,0.3397696316242218,-0.06737980991601944,0.9999885559082031
0,11,0.5968846678733826,0.3983670175075531,0.06897039711475372,0.9999873042106628
0,12,0.37333130836486816,0.406161904335022,0.12960822880268097,0.9999669790267944
0,13,0.6327192783355713,0.5027366876602173,0.0849241390824318,0.9827584028244019
0,14,0.3376038670539856,0.5018858909606934,0.20825506746768951,0.9713103771209717
0,15,0.6563801169395447,0.5953328013420105,-0.04375283047556877,0.9858201742172241
0,16,0.3047427833080292,0.5976181030273438,0.08236630260944366,0.9655078053474426
0,17,0.656475841999054,0.6261393427848816,-0.09923502057790756,0.9740393161773682
0,18,0.29026588797569275,0.6270297169685364,0.026006728410720825,0.9447197318077087
0,19,0.6403852105140686,0.6241604685783386,-0.15947632491588593,0.9750421047210693
0,20,0.2974582314491272,0.6252503395080566,-0.04489055648446083,0.9482312798500061
0,21,0.6328442096710205,0.6175621747970581,-0.06967140734195709,0.9709715247154236
0,22,0.30727076530456543,0.6184699535369873,0.047528643161058426,0.9455482959747314
0,23,0.5410425066947937,0.6002376079559326,-0.02013128064572811,0.9998232126235962
0,24,0.4019124507904053,0.5992658138275146,0.020104723051190376,0.9998533129692078
0,25,0.5751431584358215,0.7613275051116943,-0.08287683874368668,0.9915399551391602
0,26,0.3652022182941437,0.7556279301643372,-0.05106310918927193,0.9885371327400208
0,27,0.5721225142478943,0.9251480102539062,-0.03821614757180214,0.978243350982666
0,28,0.35800662636756897,0.9131450057029724,0.02642071805894375,0.9840315580368042
0,29,0.552765429019928,0.9417454600334167,-0.05001318082213402,0.7046986222267151
0,30,0.3787541687488556,0.9312160611152649,0.021820710971951485,0.7589580416679382
0,31,0.5962933301925659,0.9897400140762329,-0.2889723479747772,0.9658281207084656
0,32,0.30295103788375854,0.9680888056755066,-0.18476231396198273,0.9749245047569275
0,0,0.46415236592292786,0.3246991038322449,-0.13786381483078003,0.9999963641166687
0,1,0.4770224094390869,0.31111225485801697,-0.11387182027101517,0.9999848008155823
0,2,0.4843662679195404,0.3104958236217499,-0.11395321041345596,0.9999842047691345
0,3,0.4916227459907532,0.31028613448143005,-0.113894522190094,0.9999849796295166
0,4,0.45423784852027893,0.31272760033607483,-0.10468559712171555,0.9999863505363464
0,5,0.4461348354816437,0.31332463026046753,-0.10445279628038406,0.9999841451644897
0,6,0.43826138973236084,0.31392329931259155,-0.10426722466945648,0.9999853372573853
0,7,0.5084666013717651,0.3165593147277832,0.03253938630223274,0.9999688267707825
0,8,0.43572452664375305,0.3203631639480591,0.07697737216949463,0.9999516606330872
0,9,0.4845934212207794,0.33834314346313477,-0.08077730983495712,0.9999900460243225
0,10,0.4551405608654022,0.3385491967201233,-0.0677025243639946,0.9999892711639404
0,11,0.6029208898544312,0.39652693271636963,0.07294159382581711,0.9999882578849792
0,12,0.3795190155506134,0.40645280480384827,0.12989504635334015,0.9999675154685974
0,13,0.6388632655143738,0.4999375641345978,0.09811821579933167,0.9836913347244263
0,14,0.3430195450782776,0.5034045577049255,0.208279550075531,0.9714786410331726
0,15,0.6625202298164368,0.5895543098449707,-0.02247861586511135,0.986732006072998
0,16,0.3123389482498169,0.6007446050643921,0.0859062448143959,0.9667798280715942
0,17,0.6613590121269226,0.6223474144935608,-0.07632018625736237,0.9756012558937073
0,18,0.2975890338420868,0.6301501989364624,0.02961299940943718,0.946514368057251
0,19,0.6446231603622437,0.6199541091918945,-0.1364353448152542,0.9765411615371704
0,20,0.30472806096076965,0.62852543592453,-0.03999394178390503,0.94996178150177
0,21,0.6368230581283569,0.6117982268333435,-0.048536382615566254,0.9726902842521667
0,22,0.3144772946834564,0.6214417219161987,0.05175946280360222,0.9475590586662292
0,23,0.5449544191360474,0.599686324596405,-0.020288875326514244,0.999829888343811
0,24,0.40628865361213684,0.5983843207359314,0.0202780831605196,0.9998528957366943
0,25,0.5776134729385376,0.7611020803451538,-0.0895814523100853,0.9918585419654846
0,26,0.3675675392150879,0.753614068031311,-0.05385526642203331,0.9889145493507385
0,27,0.5727077722549438,0.9247018694877625,-0.04085821658372879,0.9794397950172424
0,28,0.36437103152275085,0.9130675792694092,0.022489795461297035,0.9845939874649048
0,29,0.5522953867912292,0.9415907263755798,-0.052600305527448654,0.7114755511283875
0,30,0.38629409670829773,0.9312956929206848,0.01811976730823517,0.7682314515113831
0,31,0.5976653099060059,0.9896183013916016,-0.2937081754207611,0.9669604301452637
0,32,0.30304956436157227,0.9678407907485962,-0.1878860890865326,0.9754685163497925
0,0,0.4683823585510254,0.3237377107143402,-0.1380915492773056,0.9999966621398926
0,1,0.48143112659454346,0.3099745512008667,-0.11405733972787857,0.9999859929084778
0,2,0.4895751476287842,0.30926015973091125,-0.11413481831550598,0.9999855160713196
0,3,0.4964527487754822,0.30886733531951904,-0.1140802875161171,0.9999862313270569
0,4,0.457531601190567,0.31198543310165405,-0.1053694412112236,0.9999873638153076
0,5,0.44902321696281433,0.3126334249973297,-0.10513286292552948,0.9999853372573853
0,6,0.4415414035320282,0.3134182095527649,-0.10495296120643616,0.9999863505363464
0,7,0.5140678286552429,0.3151603043079376,0.032117296010255814,0.9999713897705078
0,8,0.4398408532142639,0.3196185529232025,0.07748313993215561,0.9999555349349976
0,9,0.4905058443546295,0.33729320764541626,-0.0809067040681839,0.9999907612800598
0,10,0.45913785696029663,0.33798953890800476,-0.06804526597261429,0.999989926815033
0,11,0.607707142829895,0.39468714594841003,0.07499469071626663,0.9999891519546509
0,12,0.38545626401901245,0.4064946174621582,0.12893186509609222,0.9999675750732422
0,13,0.6446591019630432,0.4964117109775543,0.10319576412439346,0.9846119284629822
0,14,0.35102394223213196,0.5040270686149597,0.2068728804588318,0.9712957739830017
0,15,0.6681533455848694,0.5847060680389404,-0.012529582716524601,0.9876202344894409
0,16,0.32314783334732056,0.6013010740280151,0.08538787066936493,0.9679461121559143
0,17,0.6688970327377319,0.6164159178733826,-0.06569156795740128,0.9771475195884705
0,18,0.3058074116706848,0.6317317485809326,0.02883530966937542,0.948342502117157
0,19,0.6500580310821533,0.6138702034950256,-0.12600119411945343,0.9780237078666687
0,20,0.31494447588920593,0.6299223899841309,-0.04116023704409599,0.9516949653625488
0,21,0.6409885287284851,0.6053465604782104,-0.038588687777519226,0.9743938446044922
0,22,0.3261605203151703,0.6221486330032349,0.051017824560403824,0.949556827545166
0,23,0.5471909642219543,0.5991652011871338,-0.021007133647799492,0.9998345375061035
0,24,0.409172385931015,0.598331868648529,0.021030452102422714,0.9998495578765869
0,25,0.5801806449890137,0.7608957290649414,-0.09158405661582947,0.9922603964805603
0,26,0.37001946568489075,0.753494918346405,-0.05052131041884422,0.9893341064453125
0,27,0.5728896856307983,0.9243252873420715,-0.05170731246471405,0.9806484580039978
0,28,0.3719470798969269,0.9127850532531738,0.019941067323088646,0.9851672649383545
0,29,0.5521668195724487,0.9413353204727173,-0.0651063546538353,0.7192814350128174
0,30,0.3953583538532257,0.9312858581542969,0.015804020687937737,0.7781772017478943
0,31,0.6011787056922913,0.9899215698242188,-0.3038639426231384,0.9680700898170471
0,32,0.3021392822265625,0.967614471912384,-0.19079411029815674,0.9760092496871948
0,0,0.4743991792201996,0.3218725323677063,-0.14035382866859436,0.9999969005584717
0,1,0.48804229497909546,0.30804428458213806,-0.11660649627447128,0.999987006187439
0,2,0.49673524498939514,0.30729222297668457,-0.11668965220451355,0.9999866485595703
0,3,0.5030561089515686,0.30683523416519165,-0.116651751101017,0.9999872446060181
0,4,0.4625653624534607,0.31024911999702454,-0.10684516280889511,0.9999881386756897
0,5,0.4536658525466919,0.3109762966632843,-0.10657121986150742,0.9999862909317017
0,6,0.4463784098625183,0.31193941831588745,-0.10638512670993805,0.9999870657920837
0,7,0.5207439661026001,0.3131592869758606,0.028566984459757805,0.9999736547470093
0,8,0.44342994689941406,0.31836146116256714,0.07589118927717209,0.9999587535858154
0,9,0.4970056116580963,0.33557653427124023,-0.0835862085223198,0.9999914169311523
0,10,0.4638664126396179,0.336434006690979,-0.06885404884815216,0.9999904632568359
0,11,0.6127433776855469,0.39212819933891296,0.06601393222808838,0.9999899864196777
0,12,0.38945671916007996,0.40625932812690735,0.13139937818050385,0.9999672174453735
0,13,0.6509616374969482,0.49229785799980164,0.09527814388275146,0.9856114983558655
0,14,0.3574380576610565,0.5040841102600098,0.2139713019132614,0.9708808064460754
0,15,0.672875165939331,0.5802573561668396,-0.01695827580988407,0.988556981086731
0,16,0.32974252104759216,0.601016640663147,0.08775883913040161,0.9692932963371277
0,17,0.6740015745162964,0.6113027334213257,-0.07207860052585602,0.9788079857826233
0,18,0.31347018480300903,0.6312493085861206,0.029600098729133606,0.9505019187927246
0,19,0.6539179682731628,0.6086861491203308,-0.13338376581668854,0.9796112775802612
0,20,0.322652131319046,0.6293318271636963,-0.04202117398381233,0.9537400603294373
0,21,0.6446628570556641,0.5995422005653381,-0.042675863951444626,0.9762155413627625
0,22,0.3336620032787323,0.6214068531990051,0.05218525975942612,0.9518041610717773
0,23,0.5506364107131958,0.5991129279136658,-0.02437095157802105,0.999838650226593
0,24,0.4118541479110718,0.5986142754554749,0.024424519389867783,0.9998456835746765
0,25,0.5834132432937622,0.760779619216919,-0.08117808401584625,0.9926983714103699
0,26,0.3721196949481964,0.754176139831543,-0.02465246059000492,0.9897779226303101
0,27,0.5728432536125183,0.9240549802780151,-0.006755444221198559,0.9817668795585632
0,28,0.3802506625652313,0.9121055603027344,0.07436814904212952,0.9856929183006287
0,29,0.5519686937332153,0.9410867094993591,-0.017436793074011803,0.7252964377403259
0,30,0.40575066208839417,0.9312784075737,0.07119280844926834,0.7880846261978149
0,31,0.6011227965354919,0.9909074306488037,-0.2620058059692383,0.9690256118774414
0,32,0.30215176939964294,0.967072606086731,-0.12875348329544067,0.9765058755874634
0,0,0.4780826270580292,0.3206466734409332,-0.1394902765750885,0.999997079372406
0,1,0.49138519167900085,0.3067167401313782,-0.11485276371240616,0.9999877214431763
0,2,0.500688374042511,0.30603882670402527,-0.11494357883930206,0.9999874830245972
0,3,0.5073717832565308,0.30551281571388245,-0.11491840332746506,0.9999880194664001
0,4,0.4657757878303528,0.30882978439331055,-0.1050528734922409,0.9999886751174927
0,5,0.4571583569049835,0.30960097908973694,-0.10477734357118607,0.9999869465827942
0,6,0.450416624546051,0.31056347489356995,-0.10459829121828079,0.9999874830245972
0,7,0.5239137411117554,0.31209683418273926,0.033274222165346146,0.9999754428863525
0,8,0.44673997163772583,0.31723037362098694,0.08383597433567047,0.9999611377716064
0,9,0.5004715919494629,0.33415886759757996,-0.08202043175697327,0.9999918341636658
0,10,0.46672096848487854,0.33494535088539124,-0.06689850986003876,0.9999906420707703
0,11,0.6165065169334412,0.3906245827674866,0.06865270435810089,0.999990701675415
0,12,0.39250779151916504,0.4062533378601074,0.14698970317840576,0.9999662637710571
0,13,0.6575959920883179,0.4906860291957855,0.09431734681129456,0.986513078212738
0,14,0.3679106831550598,0.504950225353241,0.23187969624996185,0.9694884419441223
0,15,0.676879346370697,0.5771133899688721,-0.02349788323044777,0.9893829226493835
0,16,0.3387603759765625,0.600945234298706,0.10029984265565872,0.9702264666557312
0,17,0.6779712438583374,0.6077617406845093,-0.08039679378271103,0.980274498462677
0,18,0.3221813440322876,0.6311372518539429,0.04038615897297859,0.9520553946495056
0,19,0.6563313007354736,0.6052241325378418,-0.14072565734386444,0.9810075759887695
0,20,0.33077460527420044,0.6292398571968079,-0.032935865223407745,0.9552131295204163
0,21,0.646541953086853,0.5954070091247559,-0.048681240528821945,0.9778063893318176
0,22,0.34144195914268494,0.6212959289550781,0.06418676674365997,0.9534053802490234
0,23,0.5558106303215027,0.5982027649879456,-0.03024335205554962,0.9998399615287781
0,24,0.41747787594795227,0.5986343026161194,0.030329879373311996,0.9998394250869751
0,25,0.5848074555397034,0.7607215642929077,-0.0962778627872467,0.9929901361465454
0,26,0.3750259280204773,0.7541122436523438,-0.02727567031979561,0.9899279475212097
0,27,0.5727838277816772,0.9239905476570129,-0.022478381171822548,0.982525110244751
0,28,0.39078593254089355,0.9117557406425476,0.06262082606554031,0.9859941601753235
0,29,0.5517857074737549,0.9417271018028259,-0.03401843458414078,0.7283954620361328
0,30,0.4197266101837158,0.9317654967308044,0.05774231255054474,0.7972289323806763
0,31,0.6012116074562073,0.9912475347518921,-0.27891746163368225,0.969511866569519
0,32,0.30216923356056213,0.9654121398925781,-0.14136981964111328,0.9767884016036987
0,0,0.48151901364326477,0.3196118474006653,-0.13952945172786713,0.9999971985816956
0,1,0.4945807456970215,0.3056509494781494,-0.11494719237089157,0.9999883770942688
0,2,0.5041282176971436,0.30500736832618713,-0.11503417789936066,0.9999882578849792
0,3,0.5111598968505859,0.3044099807739258,-0.11501114815473557,0.9999886751174927
0,4,0.4684898555278778,0.3077448010444641,-0.10531168431043625,0.9999891519546509
0,5,0.46009308099746704,0.3085310757160187,-0.10503935068845749,0.9999876022338867
0,6,0.45358404517173767,0.30944329500198364,-0.10486830025911331,0.9999879598617554
0,7,0.5267854928970337,0.31100720167160034,0.03267678990960121,0.9999771118164062
0,8,0.44947531819343567,0.3162796199321747,0.08514002710580826,0.9999635815620422
0,9,0.5040885210037231,0.33300986886024475,-0.08231103420257568,0.9999921917915344
0,10,0.4695341885089874,0.33384475111961365,-0.06714818626642227,0.9999908208847046
0,11,0.6201704144477844,0.38944077491760254,0.0649142935872078,0.9999913573265076
0,12,0.3951724171638489,0.40635135769844055,0.15094974637031555,0.999965488910675
0,13,0.6622235774993896,0.49017855525016785,0.08784060925245285,0.9873568415641785
0,14,0.37343141436576843,0.507053792476654,0.23846834897994995,0.9687108397483826
0,15,0.6784321069717407,0.5763711929321289,-0.027728445827960968,0.9900521039962769
0,16,0.34230536222457886,0.6035443544387817,0.10274446755647659,0.9712499380111694
0,17,0.6801720857620239,0.6059886813163757,-0.08294197916984558,0.9814358353614807
0,18,0.3270842134952545,0.6329623460769653,0.04254307225346565,0.953643798828125
0,19,0.6575712561607361,0.6030988097190857,-0.14407484233379364,0.9821018576622009
0,20,0.3365155756473541,0.6316835880279541,-0.030154015868902206,0.956714928150177
0,21,0.6479736566543579,0.5935747027397156,-0.0530579574406147,0.9790790677070618
0,22,0.34631356596946716,0.623746395111084,0.06697260588407516,0.9550849795341492
0,23,0.5586345195770264,0.5971033573150635,-0.03913372382521629,0.9998378753662109
0,24,0.4208821654319763,0.5984065532684326,0.03929119557142258,0.9998279213905334
0,25,0.5862820148468018,0.760648787021637,-0.11691939830780029,0.9932472109794617
0,26,0.3774887025356293,0.7533962726593018,-0.01988767273724079,0.9897914528846741
0,27,0.5725415945053101,0.9240686297416687,-0.06719745695590973,0.9830183386802673
0,28,0.40066176652908325,0.9111222624778748,0.052736546844244,0.9858307838439941
0,29,0.5512518882751465,0.9424771070480347,-0.08113225549459457,0.7302652597427368
0,30,0.43573808670043945,0.932563066482544,0.04855236038565636,0.8047269582748413
0,31,0.6008872985839844,0.9912166595458984,-0.3187466859817505,0.9693303108215332
0,32,0.30194228887557983,0.9640158414840698,-0.15187163650989532,0.9762967228889465
0,0,0.48296231031417847,0.3182434141635895,-0.13963532447814941,0.9999972581863403
0,1,0.49574965238571167,0.3040437698364258,-0.11502580344676971,0.9999887943267822
0,2,0.5051411986351013,0.303489089012146,-0.11510923504829407,0.999988853931427
0,3,0.5130599141120911,0.30283796787261963,-0.11508899927139282,0.9999892115592957
0,4,0.4699258804321289,0.3062856197357178,-0.10469365119934082,0.9999894499778748
0,5,0.46207600831985474,0.307206392288208,-0.10442142933607101,0.9999880194664001
0,6,0.45558807253837585,0.30818086862564087,-0.10426989942789078,0.9999881982803345
0,7,0.5286273956298828,0.309621125459671,0.029051143676042557,0.9999786019325256
0,8,0.4519181549549103,0.31557926535606384,0.09127435833215714,0.999965488910675
0,9,0.5059669613838196,0.3315979838371277,-0.08422227203845978,0.9999924898147583
0,10,0.47099435329437256,0.3326816260814667,-0.06731197237968445,0.9999908804893494
0,11,0.6237322092056274,0.3885611593723297,0.030180515721440315,0.9999920129776001
0,12,0.3983997702598572,0.4064280092716217,0.17824701964855194,0.9999632835388184
0,13,0.667097270488739,0.4890163242816925,0.026548003777861595,0.9883038997650146
0,14,0.3764258623123169,0.5079919695854187,0.25936567783355713,0.9666467905044556
0,15,0.6796481609344482,0.5742682814598083,-0.10409373044967651,0.9907647967338562
0,16,0.3488178551197052,0.6037033796310425,0.10815277695655823,0.9720196723937988
0,17,0.6811298727989197,0.6038917899131775,-0.16168230772018433,0.9826789498329163
0,18,0.33272451162338257,0.6332502961158752,0.04664528742432594,0.9547778367996216
0,19,0.6573285460472107,0.6002407670021057,-0.21902698278427124,0.9832727313041687
0,20,0.3415144085884094,0.6319752931594849,-0.02521749585866928,0.9577773213386536
0,21,0.6479473114013672,0.5903757214546204,-0.12769344449043274,0.9804416298866272
0,22,0.35137876868247986,0.6239108443260193,0.07197718322277069,0.956295907497406
0,23,0.5603529810905457,0.5967497825622559,-0.06030670553445816,0.9998344779014587
0,24,0.4233595132827759,0.5984215140342712,0.06053861975669861,0.9998123049736023
0,25,0.588061511516571,0.7608171105384827,-0.14241118729114532,0.993575394153595
0,26,0.37984633445739746,0.7533919811248779,-0.004329787567257881,0.9896498918533325
0,27,0.5730540156364441,0.9242831468582153,-0.07984477281570435,0.9835956692695618
0,28,0.4052458107471466,0.9111784100532532,0.0621759258210659,0.9855468273162842
0,29,0.5516883134841919,0.9429346919059753,-0.09298447519540787,0.7304501533508301
0,30,0.4400688111782074,0.9343788623809814,0.054665688425302505,0.8127383589744568
0,31,0.5984048843383789,0.9909166693687439,-0.3399110436439514,0.9692882299423218
0,32,0.3019520938396454,0.9629470705986023,-0.1369997262954712,0.9755956530570984
